seed,family,row_count,pass_rate,mean_gap_lower,mean_gap_upper,median_gap_upper,best_gap_lower,best_gap_upper,mean_best_of_trials_gap_lower,mean_best_of_trials_gap_upper,median_best_of_trials_gap_upper,mean_makespan,median_makespan,best_makespan,makespan_stddev,pooled_makespan_stddev_across_instances,mean_within_instance_makespan_stddev,max_within_instance_makespan_stddev,mean_execution_time,runtime_stddev,mean_within_instance_runtime_stddev,ortools_pass_rate,ortools_mean_gap_upper,ortools_mean_best_of_trials_gap_upper,ortools_best_makespan,ortools_mean_execution_time,ortools_runtime_stddev,mean_within_instance_ortools_makespan_stddev
101,abz,10,1.0,0.07020225804400246,0.07020225804400246,0.061505832449628844,0.041357370095440084,0.041357370095440084,0.04336912264901664,0.04336912264901664,0.04336912264901664,1167.6,1151.5,982.0,177.6700312376851,177.6700312376851,22.78327005044163,34.696397507522306,0.4625455379486084,0.01107466214642525,0.009530587135560317,1.0,0.0,0.0,943.0,2.7383659481994984,1.9864515417701936,0.0
101,ft,15,1.0,0.12417121512788133,0.12417121512788133,0.14516129032258066,0.0,0.0,0.083417170458566,0.083417170458566,0.11720430107526882,840.4,1090.0,55.0,568.6233434063947,568.6233434063947,23.99007983043225,43.07481862991416,0.4095293998718262,0.07392078030816439,0.010876206532210365,1.0,0.0,0.0,55.0,2.256916871733362,2.0987555382588736,0.0
101,la,150,1.0,0.06338370318037871,0.06338370318037871,0.05645937620331151,0.0,0.0,0.04070616956382203,0.04070616956382203,0.03366976123555631,1029.5133333333333,1037.5,593.0,237.42883106780064,237.42883106780064,16.827077811056036,37.801587268261635,0.40700512727101645,0.09346317779710682,0.006728972124978093,1.0,0.012599381822436357,0.010517329621902537,590.0,1.8811539457402735,2.1624390155255786,2.1096371726100065
101,orb,50,1.0,0.14563091961663843,0.14563091961663843,0.13782895451549745,0.045771144278606964,0.045771144278606964,0.1148663157240298,0.1148663157240298,0.09684542855197767,1036.26,1061.0,435.0,216.61374009974529,216.61374009974529,23.73221674288142,39.5302415879286,0.3399392032623291,0.006861893322831415,0.003959144880792402,1.0,0.005505285077726908,0.0023423956703733455,397.0,3.828520003259473,1.3501588459024323,2.9164457373519994
101,swv,25,1.0,0.3128388870040343,0.3228385031591609,0.31741573033707865,0.25178826895565093,0.26305084745762713,0.26615219327567896,0.27567101792479737,0.2752808988764045,1884.64,1897.0,1750.0,65.26982763881026,65.26982763881026,43.98014863866685,54.77809781290329,0.5718654346466064,0.011635051927597985,0.005623016395146064,1.0,0.11898661796913201,0.10658220045861991,1517.0,5.027183711120451,0.012456331164670032,16.777930953360595
202,abz,10,1.0,0.04868845077006897,0.04868845077006897,0.03866199979031712,0.022690437601296597,0.022690437601296597,0.026191454219524228,0.026191454219524228,0.026191454219524228,1141.7,1137.5,971.0,155.93655761238287,155.93655761238287,22.703187946649543,30.049292836937113,0.48064227104187013,0.009383527845612387,0.009085808384588275,1.0,0.0,0.0,943.0,2.936274350399617,2.0763541837749724,0.0
202,ft,15,1.0,0.054378339675307696,0.054378339675307696,0.060085836909871244,0.0,0.0,0.042253911117264294,0.042253911117264294,0.055793991416309016,770.1333333333333,1002.0,55.0,513.7843732756206,513.7843732756206,10.300376040187013,21.010473578670233,0.42490681012471515,0.08303885295246882,0.00882375667343232,1.0,0.002007168458781362,0.0,55.0,2.274367107466484,2.082310641369807,0.9797958971132713
202,la,150,1.0,0.041345061996706754,0.041345061996706754,0.022826948005185078,0.0,0.0,0.02702304940268353,0.02702304940268353,0.013447541274631634,1009.9266666666666,988.0,593.0,238.74078262602913,238.74078262602913,12.097124988364364,43.44836015317494,0.41887923240661623,0.09881863448790904,0.0056258413261221765,1.0,0.013745127162474422,0.010918854404142038,590.0,1.9322880036267451,2.1699790820301126,2.0872233247167564
202,orb,50,1.0,0.08114082343696001,0.08114082343696001,0.07241214110287558,0.016891891891891893,0.016891891891891893,0.044459016329391136,0.044459016329391136,0.0423498945159454,976.7,1010.5,405.0,197.26543032168613,197.26543032168613,24.736201987824266,54.54759389743969,0.3510593271255493,0.011945145368719665,0.0051680527918516175,1.0,0.008129826525470216,0.00226628895184136,397.0,3.8797648977203063,1.271671504189028,5.113044668525302
202,swv,25,1.0,0.22255134532888174,0.2316649037128911,0.22823033707865167,0.16350067842605157,0.1812366737739872,0.18113711685656333,0.18993148592774034,0.1871186440677966,1754.72,1752.0,1631.0,52.55589025028498,52.55589025028498,41.77687457793202,55.68698232082611,0.5839312362670899,0.010570907311069378,0.004721751944062691,1.0,0.12251663121646088,0.11047025948636917,1534.0,5.027278512680787,0.012053715466566908,14.795494315211164
303,abz,10,1.0,0.018359025215225727,0.018359025215225727,0.017828200972447326,0.0021208907741251328,0.0021208907741251328,0.00430193647296208,0.00430193647296208,0.00430193647296208,1108.1,1108.5,945.0,145.7535248287327,145.7535248287327,11.477697979677863,11.98999582985749,2.504685139656067,0.02478385968137746,0.023428828764896673,1.0,0.00016207455429497568,0.0,943.0,2.92183182828594,2.092631957702185,0.4
303,ft,15,1.0,0.03873398249419293,0.03873398249419293,0.014592274678111588,0.0,0.0,0.030242896918793363,0.030242896918793363,0.011158798283261802,754.7333333333333,1012.0,55.0,500.49235314393724,500.49235314393724,9.989145578741203,22.03270296627266,2.0326936562856037,0.6709532343015184,0.024623885928812164,1.0,0.0011469534050179211,0.0,55.0,2.2562616867401326,2.099808798261894,1.3063945294843615
303,la,150,1.0,0.019958608028838157,0.019958608028838157,0.007160041241837552,0.0,0.0,0.012713806523850445,0.012713806523850445,0.0,987.2466666666667,981.5,590.0,221.37876852931393,221.37876852931393,6.321037770233927,24.78386571945547,2.6611235094070436,1.0160303657110892,0.031878053616350356,1.0,0.0133794818393147,0.010573976086065832,590.0,1.8835913045906152,2.1428800830236803,1.9693941019244119
303,orb,50,1.0,0.0710630814218148,0.0710630814218148,0.06657223796033995,0.005970149253731343,0.005970149253731343,0.04446839477246707,0.04446839477246707,0.04689214710461169,967.76,993.0,405.0,195.61365596501693,195.61365596501693,20.233788144188395,45.39339158952545,2.3715236949920655,0.03644784154642487,0.02580182828162044,1.0,0.005013562038627439,0.0014925373134328358,397.0,3.8224652647855692,1.2684227218211548,2.405473627720908
303,swv,25,1.0,0.12182393972715237,0.13033244468956445,0.13288135593220338,0.0807327001356852,0.0847457627118644,0.09649005796584886,0.10476799476565415,0.09862068965517241,1610.2,1601.0,1533.0,42.418863728298994,42.418863728298994,29.811891229768015,47.31004121748363,4.517415752410889,0.08505011948570823,0.06959298276216094,1.0,0.11849085288546293,0.11016679021083794,1530.0,5.0273022306663915,0.011165302586568155,10.42163824031621
