method,family,trial_count,instance_count,feasibility,mean_gap,median_gap,best_gap,mean_best_of_five_gap,mean_tour_length,runtime_mean,runtime_stddev,mean_within_instance_gap_stddev,max_within_instance_gap_stddev
trained,berlin,15,1,1.0,0.10847697339344117,0.05860514452399894,0.022407849376823125,0.022407849376823125,8360.133333333333,0.21958961967999738,0.05514526980928533,0.09374185518703997,0.09374185518703997
trained,eil,30,2,1.0,0.12772454636950162,0.06842417578581775,0.018779342723004695,0.024259559837338778,543.2666666666667,0.33002360894655186,0.25617671190942454,0.11713332424119163,0.12383651966347353
trained,kroa,15,1,1.0,0.1135889484071046,0.054318203176393194,0.005027722958368575,0.005027722958368575,23699.4,1.4769137595314532,1.0297829648641559,0.12233051062163043,0.12233051062163043
trained,krob,15,1,1.0,0.11174743688180298,0.043268145070231696,0.023350345512849466,0.023350345512849466,24615.2,1.2366364517249167,0.842486545721423,0.10255447839712672,0.10255447839712672
trained,kroc,15,1,1.0,0.1177888090992337,0.06525615692322521,0.02327823027615789,0.02327823027615789,23193.0,1.2514088427880778,0.9095027001334348,0.11870187748103139,0.11870187748103139
trained,krod,15,1,1.0,0.13564384333615104,0.07260261106414953,0.022917253686484455,0.022917253686484455,24182.4,1.178886886072966,0.8269860732498993,0.11042842787730107,0.11042842787730107
trained,kroe,15,1,1.0,0.10298471391456711,0.05265542867500453,0.01803516403842668,0.01803516403842668,24340.666666666668,1.3533323457930237,0.9262760590540111,0.10496746035566344,0.10496746035566344
trained,pr,15,1,1.0,0.15657134403979325,0.0484934217217245,0.020774970182786453,0.020774970182786453,125093.6,0.6022698920918629,0.3882080311054771,0.15696433873064414,0.15696433873064414
trained,rat,15,1,1.0,0.12590145884943574,0.06606110652353427,0.03963666391412056,0.03963666391412056,1363.4666666666667,1.0402599972051878,0.6984828930008207,0.10502074091172325,0.10502074091172325
trained,rd,15,1,1.0,0.13680573114201433,0.08356510745891277,0.05524652338811631,0.05524652338811631,8992.133333333333,1.5956746330795188,1.1082536569047363,0.09694281348892002,0.09694281348892002
trained,st,15,1,1.0,0.12898765432098766,0.07703703703703704,0.06518518518518518,0.06518518518518518,762.0666666666667,0.4103812117362395,0.2434108577941823,0.07667429635401903,0.07667429635401903
base64,berlin,15,1,1.0,0.2729603111464687,0.31821797931583135,0.08631662688941925,0.08631662688941925,9600.666666666666,1.597342197659115,0.985517043289097,0.1650996023014668,0.1650996023014668
base64,eil,30,2,1.0,0.4485569343362945,0.45539906103286387,0.06319702602230483,0.06446236277641063,705.5333333333333,2.1835858962032946,1.4881989413712051,0.3037960033210127,0.39308259477744545
base64,kroa,15,1,0.3333333333333333,0.6900197349873132,1.0,0.07005920496193967,0.07005920496193967,22773.0,4.211477269985092,1.2214004808474332,0.43837829484894786,0.43837829484894786
base64,krob,15,1,0.3333333333333333,0.7000587146018699,1.0,0.1001761438056095,0.1001761438056095,24359.0,4.039298535254784,1.483731690812209,0.42418103372565485,0.42418103372565485
base64,kroc,15,1,0.3333333333333333,0.714861760406124,1.0,0.14458528121837197,0.14458528121837197,23749.0,3.9536433710406222,1.5654958761156352,0.4032463655848485,0.4032463655848485
base64,krod,15,1,0.3333333333333333,0.7161328699790238,1.0,0.14839860993707146,0.14839860993707146,24454.0,4.0434697965936115,1.4918431050251837,0.40144874518759127,0.40144874518759127
base64,kroe,15,1,0.3333333333333333,0.6922391396290254,1.0,0.07671741888707631,0.07671741888707631,23761.0,3.969786860072054,1.60157830313424,0.4352395827042446,0.4352395827042446
base64,pr,15,1,1.0,0.7813700200630553,1.0075444484508917,0.14619218003125029,0.14619218003125029,192671.2,3.0204454189942527,1.4984781168487942,0.4730723996367755,0.4730723996367755
base64,rat,15,1,0.3333333333333333,0.7266721717588769,1.0,0.18001651527663087,0.18001651527663087,1429.0,3.8613352748875815,1.7393162468489907,0.38654392167258006,0.38654392167258006
base64,rd,15,1,0.3333333333333333,0.6991150442477877,1.0,0.09734513274336283,0.09734513274336283,8680.0,4.194505490533387,1.4167786278302315,0.4255155851388074,0.4255155851388074
base64,st,15,1,1.0,0.6466172839506172,0.6118518518518519,0.09333333333333334,0.09333333333333334,1111.4666666666667,2.5758514620441324,1.4318245548032174,0.4726567909231727,0.4726567909231727
nearest_neighbor,berlin,5,1,1.0,0.08472553699284009,0.08472553699284009,0.08472553699284009,0.08472553699284009,8181.0,0.0068829554133117195,6.0597631465498403e-05,0.0,0.0
nearest_neighbor,eil,10,2,1.0,0.13078346161230084,0.1307834616123008,0.13011152416356878,0.1307834616123008,545.0,0.012953261099755763,0.006633460462076044,0.0,0.0
nearest_neighbor,kroa,5,1,1.0,0.1605112301475425,0.1605112301475425,0.1605112301475425,0.1605112301475425,24698.0,0.04646324501372874,0.00010625010087454272,0.0,0.0
nearest_neighbor,krob,5,1,1.0,0.1690528883067612,0.1690528883067612,0.1690528883067612,0.1690528883067612,25884.0,0.04623016421683133,0.00017796862405250463,0.0,0.0
nearest_neighbor,kroc,5,1,1.0,0.14029591787556026,0.14029591787556026,0.14029591787556026,0.14029591787556026,23660.0,0.04639613619074225,0.00025553135019935815,0.0,0.0
nearest_neighbor,krod,5,1,1.0,0.1670893209354748,0.1670893209354748,0.1670893209354748,0.1670893209354748,24852.0,0.04634180215653032,0.00044475285727260693,0.0,0.0
nearest_neighbor,kroe,5,1,1.0,0.12298350552836687,0.12298350552836687,0.12298350552836687,0.12298350552836687,24782.0,0.046495564025826754,0.0005044005400502043,0.0,0.0
nearest_neighbor,pr,5,1,1.0,0.21044943093038954,0.2104494309303895,0.2104494309303895,0.2104494309303895,130921.0,0.02002546200528741,0.00034031942918091857,0.0,0.0
nearest_neighbor,rat,5,1,1.0,0.18662262592898432,0.18662262592898432,0.18662262592898432,0.18662262592898432,1437.0,0.043130790791474284,0.0002737400151566743,0.0,0.0
nearest_neighbor,rd,5,1,1.0,0.19127686472819216,0.19127686472819216,0.19127686472819216,0.19127686472819216,9423.0,0.04686558758839965,0.00014107228272077074,0.0,0.0
nearest_neighbor,st,5,1,1.0,0.17925925925925926,0.17925925925925926,0.17925925925925926,0.17925925925925926,796.0,0.015450966591015459,6.872136986439316e-05,0.0,0.0
insertion,berlin,5,1,1.0,0.1422699549191196,0.1422699549191196,0.1422699549191196,0.1422699549191196,8615.0,0.0043702844064682726,2.5638420001550727e-05,0.0,0.0
insertion,eil,10,2,1.0,0.11610991849486012,0.11610991849486012,0.10780669144981413,0.11610991849486012,537.5,0.007805800705682486,0.004184809989527019,0.0,0.0
insertion,kroa,5,1,1.0,0.14162202800488677,0.14162202800488677,0.14162202800488677,0.14162202800488677,24296.0,0.031382704991847275,0.00013065630445282357,0.0,0.0
insertion,krob,5,1,1.0,0.1734790659861795,0.1734790659861795,0.1734790659861795,0.1734790659861795,25982.0,0.03148646517656743,0.0003341273356117123,0.0,0.0
insertion,kroc,5,1,1.0,0.19080437611451154,0.19080437611451154,0.19080437611451154,0.19080437611451154,24708.0,0.0315494844224304,0.0003946374899546147,0.0,0.0
insertion,krod,5,1,1.0,0.17432140509063587,0.17432140509063587,0.17432140509063587,0.17432140509063587,25006.0,0.03180181577336043,0.00030974155162978296,0.0,0.0
insertion,kroe,5,1,1.0,0.08899764364690955,0.08899764364690955,0.08899764364690955,0.08899764364690955,24032.0,0.03138193716295064,0.00019918694507413366,0.0,0.0
insertion,pr,5,1,1.0,0.08472711471074991,0.08472711471074991,0.08472711471074991,0.08472711471074991,117323.0,0.013418370019644498,0.00013849234586334538,0.0,0.0
insertion,rat,5,1,1.0,0.1370767960363336,0.1370767960363336,0.1370767960363336,0.1370767960363336,1377.0,0.026598935993388296,0.00011878525280530286,0.0,0.0
insertion,rd,5,1,1.0,0.12541087231352718,0.12541087231352718,0.12541087231352718,0.12541087231352718,8902.0,0.030703123402781786,0.0001262534828752171,0.0,0.0
insertion,st,5,1,1.0,0.14222222222222222,0.14222222222222222,0.14222222222222222,0.14222222222222222,771.0,0.009268974955193698,7.95351355757181e-05,0.0,0.0
two_opt,berlin,5,1,1.0,0.01654733492442323,0.020949350304958897,0.007159904534606206,0.007159904534606206,7666.8,0.29396049899514765,0.004216410611499606,0.006557765793441179,0.006557765793441179
two_opt,eil,10,2,1.0,0.02402481805330122,0.024259559837338778,0.01643192488262911,0.023085850917150985,493.9,0.4655041851801798,0.2565439275843971,0.0004694835680751172,0.0009389671361502344
two_opt,kroa,5,1,1.0,0.005027722958368575,0.005027722958368575,0.005027722958368575,0.005027722958368575,21389.0,2.4247457729885356,0.016081859313451283,0.0,0.0
two_opt,krob,5,1,1.0,0.019113861162549116,0.020414615419357754,0.011517094982159795,0.011517094982159795,22564.2,2.395149758202024,0.015183641158736995,0.003963157776809876,0.003963157776809876
two_opt,kroc,5,1,1.0,0.020203383295580513,0.02327823027615789,0.007903995373271001,0.007903995373271001,21168.2,2.4263392792083325,0.020184198760730698,0.006149693961154755,0.006149693961154755
two_opt,krod,5,1,1.0,0.018878557340095803,0.019958673804827652,0.006809429886352963,0.006809429886352963,21696.0,2.385798475984484,0.01902342798736152,0.00774179931854378,0.00774179931854378
two_opt,kroe,5,1,1.0,0.01641290556461845,0.01803516403842668,0.009923871669385536,0.009923871669385536,22430.2,2.3749445769935846,0.00856998925429371,0.003244516947616458,0.003244516947616458
two_opt,pr,5,1,1.0,0.008842537375530469,0.009310367144666648,0.0013406189036511062,0.0013406189036511062,109115.4,0.9692115629790351,0.011915671213873344,0.004675561933880753,0.004675561933880753
two_opt,rat,5,1,1.0,0.038150289017341035,0.03963666391412056,0.03220478943022296,0.03220478943022296,1257.2,1.8359084071824328,0.016579625382392306,0.0029727497935590403,0.0029727497935590403
two_opt,rd,5,1,1.0,0.02470290771175727,0.028192161820480406,0.012515802781289507,0.012515802781289507,8105.4,2.360689727170393,0.016349930009435455,0.0071361301014738875,0.0071361301014738875
two_opt,st,5,1,1.0,0.012148148148148148,0.011851851851851851,0.007407407407407408,0.007407407407407408,683.2,0.6138439540052787,0.0019471639982119107,0.00462829610424098,0.00462829610424098
ortools_single_worker,berlin,5,1,1.0,0.0,0.0,0.0,0.0,7542.0,5.08491232143715,0.013093187070029383,0.0,0.0
ortools_single_worker,eil,10,2,1.0,0.0009293680297397768,0.0009293680297397769,0.0,0.0009293680297397769,482.5,5.114189322071615,0.039858028539817326,0.0,0.0
ortools_single_worker,kroa,5,1,1.0,0.0,0.0,0.0,0.0,21282.0,5.170933539629914,0.03903467977494448,0.0,0.0
ortools_single_worker,krob,5,1,1.0,0.0026195745449618356,0.0026195745449618356,0.0026195745449618356,0.0026195745449618356,22199.0,5.115095242997631,0.015155937958953019,0.0,0.0
ortools_single_worker,kroc,5,1,1.0,0.012578919465998362,0.01257891946599836,0.01257891946599836,0.01257891946599836,21010.0,5.106942310743034,0.010799692253802784,0.0,0.0
ortools_single_worker,krod,5,1,1.0,0.02056917441532826,0.02056917441532826,0.02056917441532826,0.02056917441532826,21732.0,5.0980434488039466,0.005461061321800867,0.0,0.0
ortools_single_worker,kroe,5,1,1.0,0.015996012325539242,0.015996012325539242,0.015996012325539242,0.015996012325539242,22421.0,5.1510949450079355,0.0389015408085326,0.0,0.0
ortools_single_worker,pr,5,1,1.0,0.008173152488466055,0.008173152488466055,0.008173152488466055,0.008173152488466055,109043.0,5.115688459784724,0.009702082497929141,0.0,0.0
ortools_single_worker,rat,5,1,1.0,0.03303055326176713,0.03303055326176713,0.03303055326176713,0.03303055326176713,1251.0,5.124037277814932,0.024517031157115263,0.0,0.0
ortools_single_worker,rd,5,1,1.0,0.018710493046776234,0.018710493046776234,0.018710493046776234,0.018710493046776234,8058.0,5.088614287180826,0.011091923350062113,0.0,0.0
ortools_single_worker,st,5,1,1.0,0.0,0.0,0.0,0.0,675.0,5.07696178923361,0.002535975340415624,0.0,0.0
