seed,condition,method,instance,family,n_cities,repetition,trial_seed,feasible,tour_length,optimum,optimality_gap,runtime_seconds,status,solver_sha256
101,trained,trained,berlin52,berlin,52,0,2528638162,True,7711.0,7542.0,0.022407849376823125,0.2746888370020315,FEASIBLE,9fe595a8ffc48199526253b695bd811f88684f0f22aa42d1611704ae664432f3
101,trained,trained,berlin52,berlin,52,1,502307351,True,7711.0,7542.0,0.022407849376823125,0.28522790409624577,FEASIBLE,9fe595a8ffc48199526253b695bd811f88684f0f22aa42d1611704ae664432f3
101,trained,trained,berlin52,berlin,52,2,1237329856,True,7711.0,7542.0,0.022407849376823125,0.2779090900439769,FEASIBLE,9fe595a8ffc48199526253b695bd811f88684f0f22aa42d1611704ae664432f3
101,trained,trained,berlin52,berlin,52,3,1948632155,True,7711.0,7542.0,0.022407849376823125,0.2843323160195723,FEASIBLE,9fe595a8ffc48199526253b695bd811f88684f0f22aa42d1611704ae664432f3
101,trained,trained,berlin52,berlin,52,4,4072241027,True,7711.0,7542.0,0.022407849376823125,0.2760318990331143,FEASIBLE,9fe595a8ffc48199526253b695bd811f88684f0f22aa42d1611704ae664432f3
101,trained,trained,eil51,eil,51,0,3131999028,True,434.0,426.0,0.018779342723004695,0.2854713851120323,FEASIBLE,9fe595a8ffc48199526253b695bd811f88684f0f22aa42d1611704ae664432f3
101,trained,trained,eil51,eil,51,1,1812307769,True,434.0,426.0,0.018779342723004695,0.28661029296927154,FEASIBLE,9fe595a8ffc48199526253b695bd811f88684f0f22aa42d1611704ae664432f3
101,trained,trained,eil51,eil,51,2,2268598784,True,434.0,426.0,0.018779342723004695,0.2820668169297278,FEASIBLE,9fe595a8ffc48199526253b695bd811f88684f0f22aa42d1611704ae664432f3
101,trained,trained,eil51,eil,51,3,2919328474,True,434.0,426.0,0.018779342723004695,0.2809707230189815,FEASIBLE,9fe595a8ffc48199526253b695bd811f88684f0f22aa42d1611704ae664432f3
101,trained,trained,eil51,eil,51,4,2571523074,True,434.0,426.0,0.018779342723004695,0.29496341198682785,FEASIBLE,9fe595a8ffc48199526253b695bd811f88684f0f22aa42d1611704ae664432f3
101,trained,trained,eil76,eil,76,0,3433763816,True,554.0,538.0,0.02973977695167286,0.6656916219508275,FEASIBLE,9fe595a8ffc48199526253b695bd811f88684f0f22aa42d1611704ae664432f3
101,trained,trained,eil76,eil,76,1,910322075,True,554.0,538.0,0.02973977695167286,0.6668791049160063,FEASIBLE,9fe595a8ffc48199526253b695bd811f88684f0f22aa42d1611704ae664432f3
101,trained,trained,eil76,eil,76,2,3677671294,True,554.0,538.0,0.02973977695167286,0.662197650060989,FEASIBLE,9fe595a8ffc48199526253b695bd811f88684f0f22aa42d1611704ae664432f3
101,trained,trained,eil76,eil,76,3,3928335310,True,554.0,538.0,0.02973977695167286,0.6585288990754634,FEASIBLE,9fe595a8ffc48199526253b695bd811f88684f0f22aa42d1611704ae664432f3
101,trained,trained,eil76,eil,76,4,3590558309,True,554.0,538.0,0.02973977695167286,0.6650656249839813,FEASIBLE,9fe595a8ffc48199526253b695bd811f88684f0f22aa42d1611704ae664432f3
101,trained,trained,kroA100,kroa,100,0,697515077,True,21389.0,21282.0,0.005027722958368575,1.9368799870135263,FEASIBLE,9fe595a8ffc48199526253b695bd811f88684f0f22aa42d1611704ae664432f3
101,trained,trained,kroA100,kroa,100,1,2142495717,True,21389.0,21282.0,0.005027722958368575,1.948424751055427,FEASIBLE,9fe595a8ffc48199526253b695bd811f88684f0f22aa42d1611704ae664432f3
101,trained,trained,kroA100,kroa,100,2,1141491425,True,21389.0,21282.0,0.005027722958368575,1.9634434230392799,FEASIBLE,9fe595a8ffc48199526253b695bd811f88684f0f22aa42d1611704ae664432f3
101,trained,trained,kroA100,kroa,100,3,1949257182,True,21389.0,21282.0,0.005027722958368575,1.9427106869406998,FEASIBLE,9fe595a8ffc48199526253b695bd811f88684f0f22aa42d1611704ae664432f3
101,trained,trained,kroA100,kroa,100,4,2564385088,True,21389.0,21282.0,0.005027722958368575,1.9643336029257625,FEASIBLE,9fe595a8ffc48199526253b695bd811f88684f0f22aa42d1611704ae664432f3
101,trained,trained,kroB100,krob,100,0,2587208514,True,23099.0,22141.0,0.043268145070231696,1.8644224780146033,FEASIBLE,9fe595a8ffc48199526253b695bd811f88684f0f22aa42d1611704ae664432f3
101,trained,trained,kroB100,krob,100,1,2024959662,True,23099.0,22141.0,0.043268145070231696,1.8516955429222435,FEASIBLE,9fe595a8ffc48199526253b695bd811f88684f0f22aa42d1611704ae664432f3
101,trained,trained,kroB100,krob,100,2,1134417164,True,23099.0,22141.0,0.043268145070231696,1.8668968980200589,FEASIBLE,9fe595a8ffc48199526253b695bd811f88684f0f22aa42d1611704ae664432f3
101,trained,trained,kroB100,krob,100,3,2596872667,True,23099.0,22141.0,0.043268145070231696,1.8610203750431538,FEASIBLE,9fe595a8ffc48199526253b695bd811f88684f0f22aa42d1611704ae664432f3
101,trained,trained,kroB100,krob,100,4,2243233554,True,23099.0,22141.0,0.043268145070231696,1.8591668319422752,FEASIBLE,9fe595a8ffc48199526253b695bd811f88684f0f22aa42d1611704ae664432f3
101,trained,trained,kroC100,kroc,100,0,2777388299,True,21232.0,20749.0,0.02327823027615789,1.6678606070345268,FEASIBLE,9fe595a8ffc48199526253b695bd811f88684f0f22aa42d1611704ae664432f3
101,trained,trained,kroC100,kroc,100,1,504189880,True,21232.0,20749.0,0.02327823027615789,1.6710298201069236,FEASIBLE,9fe595a8ffc48199526253b695bd811f88684f0f22aa42d1611704ae664432f3
101,trained,trained,kroC100,kroc,100,2,204700911,True,21232.0,20749.0,0.02327823027615789,1.6824127979343757,FEASIBLE,9fe595a8ffc48199526253b695bd811f88684f0f22aa42d1611704ae664432f3
101,trained,trained,kroC100,kroc,100,3,2657321538,True,21232.0,20749.0,0.02327823027615789,1.6672908319160342,FEASIBLE,9fe595a8ffc48199526253b695bd811f88684f0f22aa42d1611704ae664432f3
101,trained,trained,kroC100,kroc,100,4,3679872000,True,21232.0,20749.0,0.02327823027615789,1.6694911159574986,FEASIBLE,9fe595a8ffc48199526253b695bd811f88684f0f22aa42d1611704ae664432f3
101,trained,trained,kroD100,krod,100,0,3101064183,True,22840.0,21294.0,0.07260261106414953,1.484845292987302,FEASIBLE,9fe595a8ffc48199526253b695bd811f88684f0f22aa42d1611704ae664432f3
101,trained,trained,kroD100,krod,100,1,1557070360,True,22840.0,21294.0,0.07260261106414953,1.4882170930504799,FEASIBLE,9fe595a8ffc48199526253b695bd811f88684f0f22aa42d1611704ae664432f3
101,trained,trained,kroD100,krod,100,2,2495143301,True,22840.0,21294.0,0.07260261106414953,1.5004545719129965,FEASIBLE,9fe595a8ffc48199526253b695bd811f88684f0f22aa42d1611704ae664432f3
101,trained,trained,kroD100,krod,100,3,2668892419,True,22840.0,21294.0,0.07260261106414953,1.4955834889551625,FEASIBLE,9fe595a8ffc48199526253b695bd811f88684f0f22aa42d1611704ae664432f3
101,trained,trained,kroD100,krod,100,4,500562622,True,22840.0,21294.0,0.07260261106414953,1.4846724020317197,FEASIBLE,9fe595a8ffc48199526253b695bd811f88684f0f22aa42d1611704ae664432f3
101,trained,trained,kroE100,kroe,100,0,3165772091,True,22466.0,22068.0,0.01803516403842668,1.9531379810068756,FEASIBLE,9fe595a8ffc48199526253b695bd811f88684f0f22aa42d1611704ae664432f3
101,trained,trained,kroE100,kroe,100,1,3842936963,True,22466.0,22068.0,0.01803516403842668,1.9573178520658985,FEASIBLE,9fe595a8ffc48199526253b695bd811f88684f0f22aa42d1611704ae664432f3
101,trained,trained,kroE100,kroe,100,2,832104093,True,22466.0,22068.0,0.01803516403842668,1.9563141709659249,FEASIBLE,9fe595a8ffc48199526253b695bd811f88684f0f22aa42d1611704ae664432f3
101,trained,trained,kroE100,kroe,100,3,4080197835,True,22466.0,22068.0,0.01803516403842668,1.977239349973388,FEASIBLE,9fe595a8ffc48199526253b695bd811f88684f0f22aa42d1611704ae664432f3
101,trained,trained,kroE100,kroe,100,4,3766373852,True,22466.0,22068.0,0.01803516403842668,1.9688830639934167,FEASIBLE,9fe595a8ffc48199526253b695bd811f88684f0f22aa42d1611704ae664432f3
101,trained,trained,pr76,pr,76,0,2636516344,True,113404.0,108159.0,0.0484934217217245,0.8275269489968196,FEASIBLE,9fe595a8ffc48199526253b695bd811f88684f0f22aa42d1611704ae664432f3
101,trained,trained,pr76,pr,76,1,941969900,True,113404.0,108159.0,0.0484934217217245,0.8241194060537964,FEASIBLE,9fe595a8ffc48199526253b695bd811f88684f0f22aa42d1611704ae664432f3
101,trained,trained,pr76,pr,76,2,2034000282,True,113404.0,108159.0,0.0484934217217245,0.8421261780895293,FEASIBLE,9fe595a8ffc48199526253b695bd811f88684f0f22aa42d1611704ae664432f3
101,trained,trained,pr76,pr,76,3,3549550571,True,113404.0,108159.0,0.0484934217217245,0.8205139810452238,FEASIBLE,9fe595a8ffc48199526253b695bd811f88684f0f22aa42d1611704ae664432f3
101,trained,trained,pr76,pr,76,4,4226599141,True,113404.0,108159.0,0.0484934217217245,0.8240946710575372,FEASIBLE,9fe595a8ffc48199526253b695bd811f88684f0f22aa42d1611704ae664432f3
101,trained,trained,rat99,rat,99,0,1712824841,True,1259.0,1211.0,0.03963666391412056,1.489587131072767,FEASIBLE,9fe595a8ffc48199526253b695bd811f88684f0f22aa42d1611704ae664432f3
101,trained,trained,rat99,rat,99,1,1492853361,True,1259.0,1211.0,0.03963666391412056,1.4785014889203012,FEASIBLE,9fe595a8ffc48199526253b695bd811f88684f0f22aa42d1611704ae664432f3
101,trained,trained,rat99,rat,99,2,3153518655,True,1259.0,1211.0,0.03963666391412056,1.48320972698275,FEASIBLE,9fe595a8ffc48199526253b695bd811f88684f0f22aa42d1611704ae664432f3
101,trained,trained,rat99,rat,99,3,3708206479,True,1259.0,1211.0,0.03963666391412056,1.4793608849868178,FEASIBLE,9fe595a8ffc48199526253b695bd811f88684f0f22aa42d1611704ae664432f3
101,trained,trained,rat99,rat,99,4,2971822530,True,1259.0,1211.0,0.03963666391412056,1.474543050979264,FEASIBLE,9fe595a8ffc48199526253b695bd811f88684f0f22aa42d1611704ae664432f3
101,trained,trained,rd100,rd,100,0,1162887967,True,8347.0,7910.0,0.05524652338811631,2.237052676966414,FEASIBLE,9fe595a8ffc48199526253b695bd811f88684f0f22aa42d1611704ae664432f3
101,trained,trained,rd100,rd,100,1,3907821922,True,8347.0,7910.0,0.05524652338811631,2.2221151230623946,FEASIBLE,9fe595a8ffc48199526253b695bd811f88684f0f22aa42d1611704ae664432f3
101,trained,trained,rd100,rd,100,2,1146810160,True,8347.0,7910.0,0.05524652338811631,2.227457389002666,FEASIBLE,9fe595a8ffc48199526253b695bd811f88684f0f22aa42d1611704ae664432f3
101,trained,trained,rd100,rd,100,3,2272378577,True,8347.0,7910.0,0.05524652338811631,2.238861646037549,FEASIBLE,9fe595a8ffc48199526253b695bd811f88684f0f22aa42d1611704ae664432f3
101,trained,trained,rd100,rd,100,4,382144134,True,8347.0,7910.0,0.05524652338811631,2.2468910940224305,FEASIBLE,9fe595a8ffc48199526253b695bd811f88684f0f22aa42d1611704ae664432f3
101,trained,trained,st70,st,70,0,101789047,True,727.0,675.0,0.07703703703703704,0.6364256449742243,FEASIBLE,9fe595a8ffc48199526253b695bd811f88684f0f22aa42d1611704ae664432f3
101,trained,trained,st70,st,70,1,1817963742,True,727.0,675.0,0.07703703703703704,0.6300267059123144,FEASIBLE,9fe595a8ffc48199526253b695bd811f88684f0f22aa42d1611704ae664432f3
101,trained,trained,st70,st,70,2,3377538981,True,727.0,675.0,0.07703703703703704,0.637223732075654,FEASIBLE,9fe595a8ffc48199526253b695bd811f88684f0f22aa42d1611704ae664432f3
101,trained,trained,st70,st,70,3,1998005209,True,727.0,675.0,0.07703703703703704,0.6408331560669467,FEASIBLE,9fe595a8ffc48199526253b695bd811f88684f0f22aa42d1611704ae664432f3
101,trained,trained,st70,st,70,4,1281180645,True,727.0,675.0,0.07703703703703704,0.6409759359667078,FEASIBLE,9fe595a8ffc48199526253b695bd811f88684f0f22aa42d1611704ae664432f3
202,trained,trained,berlin52,berlin,52,0,1307849792,True,9220.0,7542.0,0.22248740387165208,0.20215571497101337,FEASIBLE,d057e84bb6cb8d2f13df739d5dfdbdfeaac70d05f50327d916391175598b7ca1
202,trained,trained,berlin52,berlin,52,1,3277331869,True,9504.0,7542.0,0.26014319809069214,0.21027773595415056,FEASIBLE,d057e84bb6cb8d2f13df739d5dfdbdfeaac70d05f50327d916391175598b7ca1
202,trained,trained,berlin52,berlin,52,2,1462527134,True,9334.0,7542.0,0.23760275788915408,0.20331510296091437,FEASIBLE,d057e84bb6cb8d2f13df739d5dfdbdfeaac70d05f50327d916391175598b7ca1
202,trained,trained,berlin52,berlin,52,3,1206322321,True,9323.0,7542.0,0.23614425881728984,0.21241882198955864,FEASIBLE,d057e84bb6cb8d2f13df739d5dfdbdfeaac70d05f50327d916391175598b7ca1
202,trained,trained,berlin52,berlin,52,4,1821245425,True,9257.0,7542.0,0.2273932643861045,0.06792411208152771,FEASIBLE,d057e84bb6cb8d2f13df739d5dfdbdfeaac70d05f50327d916391175598b7ca1
202,trained,trained,eil51,eil,51,0,2728875276,True,512.0,426.0,0.20187793427230047,0.061860171030275524,FEASIBLE,d057e84bb6cb8d2f13df739d5dfdbdfeaac70d05f50327d916391175598b7ca1
202,trained,trained,eil51,eil,51,1,1145393862,True,576.0,426.0,0.352112676056338,0.07148627494461834,FEASIBLE,d057e84bb6cb8d2f13df739d5dfdbdfeaac70d05f50327d916391175598b7ca1
202,trained,trained,eil51,eil,51,2,2520453275,True,536.0,426.0,0.25821596244131456,0.07339213497471064,FEASIBLE,d057e84bb6cb8d2f13df739d5dfdbdfeaac70d05f50327d916391175598b7ca1
202,trained,trained,eil51,eil,51,3,2391094895,True,583.0,426.0,0.3685446009389671,0.07397694990504533,FEASIBLE,d057e84bb6cb8d2f13df739d5dfdbdfeaac70d05f50327d916391175598b7ca1
202,trained,trained,eil51,eil,51,4,4135541542,True,554.0,426.0,0.3004694835680751,0.07101985695771873,FEASIBLE,d057e84bb6cb8d2f13df739d5dfdbdfeaac70d05f50327d916391175598b7ca1
202,trained,trained,eil76,eil,76,0,1872455240,True,670.0,538.0,0.24535315985130113,0.07121642690617591,FEASIBLE,d057e84bb6cb8d2f13df739d5dfdbdfeaac70d05f50327d916391175598b7ca1
202,trained,trained,eil76,eil,76,1,1201220422,True,690.0,538.0,0.2825278810408922,0.07056329492479563,FEASIBLE,d057e84bb6cb8d2f13df739d5dfdbdfeaac70d05f50327d916391175598b7ca1
202,trained,trained,eil76,eil,76,2,4291966838,True,682.0,538.0,0.26765799256505574,0.07069183501880616,FEASIBLE,d057e84bb6cb8d2f13df739d5dfdbdfeaac70d05f50327d916391175598b7ca1
202,trained,trained,eil76,eil,76,3,363706161,True,709.0,538.0,0.31784386617100374,0.07203678495716304,FEASIBLE,d057e84bb6cb8d2f13df739d5dfdbdfeaac70d05f50327d916391175598b7ca1
202,trained,trained,eil76,eil,76,4,120023577,True,682.0,538.0,0.26765799256505574,0.07177221798337996,FEASIBLE,d057e84bb6cb8d2f13df739d5dfdbdfeaac70d05f50327d916391175598b7ca1
202,trained,trained,kroA100,kroa,100,0,1754305261,True,27656.0,21282.0,0.2995019265106663,0.0701644589425996,FEASIBLE,d057e84bb6cb8d2f13df739d5dfdbdfeaac70d05f50327d916391175598b7ca1
202,trained,trained,kroA100,kroa,100,1,1529077031,True,28373.0,21282.0,0.3331923691382389,0.08255620498675853,FEASIBLE,d057e84bb6cb8d2f13df739d5dfdbdfeaac70d05f50327d916391175598b7ca1
202,trained,trained,kroA100,kroa,100,2,2722975925,True,26685.0,21282.0,0.25387651536509726,0.06899739103391767,FEASIBLE,d057e84bb6cb8d2f13df739d5dfdbdfeaac70d05f50327d916391175598b7ca1
202,trained,trained,kroA100,kroa,100,3,1692444789,True,27214.0,21282.0,0.27873320176675126,0.08262794592883438,FEASIBLE,d057e84bb6cb8d2f13df739d5dfdbdfeaac70d05f50327d916391175598b7ca1
202,trained,trained,kroA100,kroa,100,4,2700725090,True,26462.0,21282.0,0.24339817686307677,0.06718906306196004,FEASIBLE,d057e84bb6cb8d2f13df739d5dfdbdfeaac70d05f50327d916391175598b7ca1
202,trained,trained,kroB100,krob,100,0,1421386499,True,26886.0,22141.0,0.214308296824895,0.06563375203404576,FEASIBLE,d057e84bb6cb8d2f13df739d5dfdbdfeaac70d05f50327d916391175598b7ca1
202,trained,trained,kroB100,krob,100,1,3930437342,True,27874.0,22141.0,0.258931394245969,0.0708279269747436,FEASIBLE,d057e84bb6cb8d2f13df739d5dfdbdfeaac70d05f50327d916391175598b7ca1
202,trained,trained,kroB100,krob,100,2,3339627623,True,28896.0,22141.0,0.305090104331331,0.08853326900862157,FEASIBLE,d057e84bb6cb8d2f13df739d5dfdbdfeaac70d05f50327d916391175598b7ca1
202,trained,trained,kroB100,krob,100,3,3430542698,True,26886.0,22141.0,0.214308296824895,0.06646691006608307,FEASIBLE,d057e84bb6cb8d2f13df739d5dfdbdfeaac70d05f50327d916391175598b7ca1
202,trained,trained,kroB100,krob,100,4,3747162029,True,28180.0,22141.0,0.27275190822456075,0.05753473693039268,FEASIBLE,d057e84bb6cb8d2f13df739d5dfdbdfeaac70d05f50327d916391175598b7ca1
202,trained,trained,kroC100,kroc,100,0,3196481539,True,28820.0,20749.0,0.38898260157116005,0.057465299032628536,FEASIBLE,d057e84bb6cb8d2f13df739d5dfdbdfeaac70d05f50327d916391175598b7ca1
202,trained,trained,kroC100,kroc,100,1,2025196982,True,25983.0,20749.0,0.25225312063231964,0.06165598600637168,FEASIBLE,d057e84bb6cb8d2f13df739d5dfdbdfeaac70d05f50327d916391175598b7ca1
202,trained,trained,kroC100,kroc,100,2,626300953,True,26035.0,20749.0,0.2547592655067714,0.0642604170134291,FEASIBLE,d057e84bb6cb8d2f13df739d5dfdbdfeaac70d05f50327d916391175598b7ca1
202,trained,trained,kroC100,kroc,100,3,970792242,True,26610.0,20749.0,0.28247144440695937,0.06135858700145036,FEASIBLE,d057e84bb6cb8d2f13df739d5dfdbdfeaac70d05f50327d916391175598b7ca1
202,trained,trained,kroC100,kroc,100,4,205236282,True,24954.0,20749.0,0.20266036917441804,0.08344251394737512,FEASIBLE,d057e84bb6cb8d2f13df739d5dfdbdfeaac70d05f50327d916391175598b7ca1
202,trained,trained,kroD100,krod,100,0,2841525355,True,27761.0,21294.0,0.30370057293134217,0.05694928299635649,FEASIBLE,d057e84bb6cb8d2f13df739d5dfdbdfeaac70d05f50327d916391175598b7ca1
202,trained,trained,kroD100,krod,100,1,2652636239,True,27470.0,21294.0,0.2900347515732131,0.05956363398581743,FEASIBLE,d057e84bb6cb8d2f13df739d5dfdbdfeaac70d05f50327d916391175598b7ca1
202,trained,trained,kroD100,krod,100,2,2801615576,True,27871.0,21294.0,0.3088663473278858,0.05553438304923475,FEASIBLE,d057e84bb6cb8d2f13df739d5dfdbdfeaac70d05f50327d916391175598b7ca1
202,trained,trained,kroD100,krod,100,3,3329367713,True,27314.0,21294.0,0.28270874424720577,0.055639883037656546,FEASIBLE,d057e84bb6cb8d2f13df739d5dfdbdfeaac70d05f50327d916391175598b7ca1
202,trained,trained,kroD100,krod,100,4,2145085111,True,26912.0,21294.0,0.26383018690710996,0.0532840519445017,FEASIBLE,d057e84bb6cb8d2f13df739d5dfdbdfeaac70d05f50327d916391175598b7ca1
202,trained,trained,kroE100,kroe,100,0,2509676067,True,25869.0,22068.0,0.17224034801522567,0.07601218309719115,FEASIBLE,d057e84bb6cb8d2f13df739d5dfdbdfeaac70d05f50327d916391175598b7ca1
202,trained,trained,kroE100,kroe,100,1,4272706126,True,29134.0,22068.0,0.3201921334058365,0.06306480593048036,FEASIBLE,d057e84bb6cb8d2f13df739d5dfdbdfeaac70d05f50327d916391175598b7ca1
202,trained,trained,kroE100,kroe,100,2,441024675,True,25793.0,22068.0,0.16879644734457133,0.0567921360488981,FEASIBLE,d057e84bb6cb8d2f13df739d5dfdbdfeaac70d05f50327d916391175598b7ca1
202,trained,trained,kroE100,kroe,100,3,1202167509,True,26657.0,22068.0,0.20794816023201015,0.05398233490996063,FEASIBLE,d057e84bb6cb8d2f13df739d5dfdbdfeaac70d05f50327d916391175598b7ca1
202,trained,trained,kroE100,kroe,100,4,3001724093,True,29203.0,22068.0,0.3233188326989306,0.057125501916743815,FEASIBLE,d057e84bb6cb8d2f13df739d5dfdbdfeaac70d05f50327d916391175598b7ca1
202,trained,trained,pr76,pr,76,0,3365954812,True,141100.0,108159.0,0.3045608779666972,0.0620312710525468,FEASIBLE,d057e84bb6cb8d2f13df739d5dfdbdfeaac70d05f50327d916391175598b7ca1
202,trained,trained,pr76,pr,76,1,3543061125,True,155010.0,108159.0,0.4331678362410895,0.10131271497812122,FEASIBLE,d057e84bb6cb8d2f13df739d5dfdbdfeaac70d05f50327d916391175598b7ca1
202,trained,trained,pr76,pr,76,2,1491692752,True,151284.0,108159.0,0.39871855324106176,0.06554632901679724,FEASIBLE,d057e84bb6cb8d2f13df739d5dfdbdfeaac70d05f50327d916391175598b7ca1
202,trained,trained,pr76,pr,76,3,2540410128,True,145678.0,108159.0,0.3468874527316266,0.07367244700435549,FEASIBLE,d057e84bb6cb8d2f13df739d5dfdbdfeaac70d05f50327d916391175598b7ca1
202,trained,trained,pr76,pr,76,4,2957756480,True,150393.0,108159.0,0.390480681219316,0.07254444900900126,FEASIBLE,d057e84bb6cb8d2f13df739d5dfdbdfeaac70d05f50327d916391175598b7ca1
202,trained,trained,rat99,rat,99,0,2613037264,True,1560.0,1211.0,0.28819157720891825,0.07382796192541718,FEASIBLE,d057e84bb6cb8d2f13df739d5dfdbdfeaac70d05f50327d916391175598b7ca1
202,trained,trained,rat99,rat,99,1,734532028,True,1523.0,1211.0,0.25763831544178367,0.0768917720997706,FEASIBLE,d057e84bb6cb8d2f13df739d5dfdbdfeaac70d05f50327d916391175598b7ca1
202,trained,trained,rat99,rat,99,2,3898952856,True,1592.0,1211.0,0.314616019818332,0.08008380106184632,FEASIBLE,d057e84bb6cb8d2f13df739d5dfdbdfeaac70d05f50327d916391175598b7ca1
202,trained,trained,rat99,rat,99,3,3335867818,True,1516.0,1211.0,0.2518579686209744,0.08244580903556198,FEASIBLE,d057e84bb6cb8d2f13df739d5dfdbdfeaac70d05f50327d916391175598b7ca1
202,trained,trained,rat99,rat,99,4,3830947544,True,1509.0,1211.0,0.24607762180016515,0.07061807706486434,FEASIBLE,d057e84bb6cb8d2f13df739d5dfdbdfeaac70d05f50327d916391175598b7ca1
202,trained,trained,rd100,rd,100,0,775008575,True,9893.0,7910.0,0.2506953223767383,0.06439734098967165,FEASIBLE,d057e84bb6cb8d2f13df739d5dfdbdfeaac70d05f50327d916391175598b7ca1
202,trained,trained,rd100,rd,100,1,4235827685,True,10268.0,7910.0,0.2981036662452592,0.07362771301995963,FEASIBLE,d057e84bb6cb8d2f13df739d5dfdbdfeaac70d05f50327d916391175598b7ca1
202,trained,trained,rd100,rd,100,2,2762790161,True,10312.0,7910.0,0.30366624525916563,0.07246323698200285,FEASIBLE,d057e84bb6cb8d2f13df739d5dfdbdfeaac70d05f50327d916391175598b7ca1
202,trained,trained,rd100,rd,100,3,967204645,True,9904.0,7910.0,0.2520859671302149,0.0747523499885574,FEASIBLE,d057e84bb6cb8d2f13df739d5dfdbdfeaac70d05f50327d916391175598b7ca1
202,trained,trained,rd100,rd,100,4,2312895608,True,9861.0,7910.0,0.24664981036662453,0.0878384419484064,FEASIBLE,d057e84bb6cb8d2f13df739d5dfdbdfeaac70d05f50327d916391175598b7ca1
202,trained,trained,st70,st,70,0,3365707461,True,872.0,675.0,0.29185185185185186,0.06975995900575072,FEASIBLE,d057e84bb6cb8d2f13df739d5dfdbdfeaac70d05f50327d916391175598b7ca1
202,trained,trained,st70,st,70,1,3935896191,True,809.0,675.0,0.1985185185185185,0.09357455396093428,FEASIBLE,d057e84bb6cb8d2f13df739d5dfdbdfeaac70d05f50327d916391175598b7ca1
202,trained,trained,st70,st,70,2,716267404,True,806.0,675.0,0.19407407407407407,0.07683257304597646,FEASIBLE,d057e84bb6cb8d2f13df739d5dfdbdfeaac70d05f50327d916391175598b7ca1
202,trained,trained,st70,st,70,3,566309242,True,815.0,675.0,0.2074074074074074,0.07544640800915658,FEASIBLE,d057e84bb6cb8d2f13df739d5dfdbdfeaac70d05f50327d916391175598b7ca1
202,trained,trained,st70,st,70,4,2288012795,True,854.0,675.0,0.2651851851851852,0.07220196397975087,FEASIBLE,d057e84bb6cb8d2f13df739d5dfdbdfeaac70d05f50327d916391175598b7ca1
303,trained,trained,berlin52,berlin,52,0,4247480741,True,7821.0,7542.0,0.03699284009546539,0.21928446600213647,FEASIBLE,a7280848576556479ca2ae495621dbccf1972602d6c3030b0c7cafeb25fcddb7
303,trained,trained,berlin52,berlin,52,1,178152545,True,7915.0,7542.0,0.049456377618668786,0.1870990280294791,FEASIBLE,a7280848576556479ca2ae495621dbccf1972602d6c3030b0c7cafeb25fcddb7
303,trained,trained,berlin52,berlin,52,2,440563462,True,8300.0,7542.0,0.10050384513391673,0.20364126900676638,FEASIBLE,a7280848576556479ca2ae495621dbccf1972602d6c3030b0c7cafeb25fcddb7
303,trained,trained,berlin52,berlin,52,3,784293571,True,7984.0,7542.0,0.05860514452399894,0.21967511007096618,FEASIBLE,a7280848576556479ca2ae495621dbccf1972602d6c3030b0c7cafeb25fcddb7
303,trained,trained,berlin52,berlin,52,4,4111346948,True,8189.0,7542.0,0.08578626359055953,0.1698628879385069,FEASIBLE,a7280848576556479ca2ae495621dbccf1972602d6c3030b0c7cafeb25fcddb7
303,trained,trained,eil51,eil,51,0,722443331,True,460.0,426.0,0.07981220657276995,0.1911514779785648,FEASIBLE,a7280848576556479ca2ae495621dbccf1972602d6c3030b0c7cafeb25fcddb7
303,trained,trained,eil51,eil,51,1,2381091432,True,455.0,426.0,0.06807511737089202,0.2212731729960069,FEASIBLE,a7280848576556479ca2ae495621dbccf1972602d6c3030b0c7cafeb25fcddb7
303,trained,trained,eil51,eil,51,2,202603972,True,461.0,426.0,0.08215962441314555,0.1769170700572431,FEASIBLE,a7280848576556479ca2ae495621dbccf1972602d6c3030b0c7cafeb25fcddb7
303,trained,trained,eil51,eil,51,3,628895531,True,461.0,426.0,0.08215962441314555,0.22104559594299644,FEASIBLE,a7280848576556479ca2ae495621dbccf1972602d6c3030b0c7cafeb25fcddb7
303,trained,trained,eil51,eil,51,4,2481363331,True,472.0,426.0,0.107981220657277,0.25319145200774074,FEASIBLE,a7280848576556479ca2ae495621dbccf1972602d6c3030b0c7cafeb25fcddb7
303,trained,trained,eil76,eil,76,0,2235768994,True,571.0,538.0,0.06133828996282528,0.6867584279971197,FEASIBLE,a7280848576556479ca2ae495621dbccf1972602d6c3030b0c7cafeb25fcddb7
303,trained,trained,eil76,eil,76,1,280944500,True,575.0,538.0,0.0687732342007435,0.7330971589544788,FEASIBLE,a7280848576556479ca2ae495621dbccf1972602d6c3030b0c7cafeb25fcddb7
303,trained,trained,eil76,eil,76,2,1230667004,True,573.0,538.0,0.06505576208178439,0.8410475559066981,FEASIBLE,a7280848576556479ca2ae495621dbccf1972602d6c3030b0c7cafeb25fcddb7
303,trained,trained,eil76,eil,76,3,1033955924,True,565.0,538.0,0.05018587360594796,0.5334252070169896,FEASIBLE,a7280848576556479ca2ae495621dbccf1972602d6c3030b0c7cafeb25fcddb7
303,trained,trained,eil76,eil,76,4,2295589593,True,571.0,538.0,0.06133828996282528,0.5863396709319204,FEASIBLE,a7280848576556479ca2ae495621dbccf1972602d6c3030b0c7cafeb25fcddb7
303,trained,trained,kroA100,kroa,100,0,3494759261,True,22146.0,21282.0,0.04059768818720045,2.3696943450486287,FEASIBLE,a7280848576556479ca2ae495621dbccf1972602d6c3030b0c7cafeb25fcddb7
303,trained,trained,kroA100,kroa,100,1,770240068,True,22046.0,21282.0,0.03589888168405225,1.7932234270265326,FEASIBLE,a7280848576556479ca2ae495621dbccf1972602d6c3030b0c7cafeb25fcddb7
303,trained,trained,kroA100,kroa,100,2,2047680647,True,22977.0,21282.0,0.079644770228362,2.617532298900187,FEASIBLE,a7280848576556479ca2ae495621dbccf1972602d6c3030b0c7cafeb25fcddb7
303,trained,trained,kroA100,kroa,100,3,2666194553,True,22438.0,21282.0,0.054318203176393194,2.3781162300147116,FEASIBLE,a7280848576556479ca2ae495621dbccf1972602d6c3030b0c7cafeb25fcddb7
303,trained,trained,kroA100,kroa,100,4,1610871571,True,22549.0,21282.0,0.0595338783948877,2.867812577052973,FEASIBLE,a7280848576556479ca2ae495621dbccf1972602d6c3030b0c7cafeb25fcddb7
303,trained,trained,kroB100,krob,100,0,678222817,True,22658.0,22141.0,0.023350345512849466,1.9153943459969014,FEASIBLE,a7280848576556479ca2ae495621dbccf1972602d6c3030b0c7cafeb25fcddb7
303,trained,trained,kroB100,krob,100,1,2606320433,True,22658.0,22141.0,0.023350345512849466,1.8977862159954384,FEASIBLE,a7280848576556479ca2ae495621dbccf1972602d6c3030b0c7cafeb25fcddb7
303,trained,trained,kroB100,krob,100,2,2027112005,True,22840.0,22141.0,0.031570389774626256,2.1410781339509413,FEASIBLE,a7280848576556479ca2ae495621dbccf1972602d6c3030b0c7cafeb25fcddb7
303,trained,trained,kroB100,krob,100,3,2896283894,True,23777.0,22141.0,0.07389006819926833,1.652414746931754,FEASIBLE,a7280848576556479ca2ae495621dbccf1972602d6c3030b0c7cafeb25fcddb7
303,trained,trained,kroB100,krob,100,4,1131665563,True,23078.0,22141.0,0.042319678424642064,1.2906746120424941,FEASIBLE,a7280848576556479ca2ae495621dbccf1972602d6c3030b0c7cafeb25fcddb7
303,trained,trained,kroC100,kroc,100,0,196000516,True,22191.0,20749.0,0.06949732517229747,2.747882804949768,FEASIBLE,a7280848576556479ca2ae495621dbccf1972602d6c3030b0c7cafeb25fcddb7
303,trained,trained,kroC100,kroc,100,1,4183866491,True,21493.0,20749.0,0.03585714974215625,1.2773729420732707,FEASIBLE,a7280848576556479ca2ae495621dbccf1972602d6c3030b0c7cafeb25fcddb7
303,trained,trained,kroC100,kroc,100,2,97490037,True,22190.0,20749.0,0.069449130078558,2.048357634921558,FEASIBLE,a7280848576556479ca2ae495621dbccf1972602d6c3030b0c7cafeb25fcddb7
303,trained,trained,kroC100,kroc,100,3,3743513932,True,21356.0,20749.0,0.029254421899850596,1.5150762649718672,FEASIBLE,a7280848576556479ca2ae495621dbccf1972602d6c3030b0c7cafeb25fcddb7
303,trained,trained,kroC100,kroc,100,4,3550959892,True,22103.0,20749.0,0.06525615692322521,2.4961750189540908,FEASIBLE,a7280848576556479ca2ae495621dbccf1972602d6c3030b0c7cafeb25fcddb7
303,trained,trained,kroD100,krod,100,0,3132020340,True,21782.0,21294.0,0.022917253686484455,2.3712462009862065,FEASIBLE,a7280848576556479ca2ae495621dbccf1972602d6c3030b0c7cafeb25fcddb7
303,trained,trained,kroD100,krod,100,1,3075017911,True,22135.0,21294.0,0.03949469334084719,1.8868886650307104,FEASIBLE,a7280848576556479ca2ae495621dbccf1972602d6c3030b0c7cafeb25fcddb7
303,trained,trained,kroD100,krod,100,2,2351860004,True,21992.0,21294.0,0.03277918662534047,1.875984586076811,FEASIBLE,a7280848576556479ca2ae495621dbccf1972602d6c3030b0c7cafeb25fcddb7
303,trained,trained,kroD100,krod,100,3,3513477313,True,22674.0,21294.0,0.06480698788391095,1.907983054057695,FEASIBLE,a7280848576556479ca2ae495621dbccf1972602d6c3030b0c7cafeb25fcddb7
303,trained,trained,kroD100,krod,100,4,570723974,True,22625.0,21294.0,0.0625058701981779,1.9064567009918392,FEASIBLE,a7280848576556479ca2ae495621dbccf1972602d6c3030b0c7cafeb25fcddb7
303,trained,trained,kroE100,kroe,100,0,708688887,True,22968.0,22068.0,0.040783034257748776,2.153873899951577,FEASIBLE,a7280848576556479ca2ae495621dbccf1972602d6c3030b0c7cafeb25fcddb7
303,trained,trained,kroE100,kroe,100,1,2096233207,True,23578.0,22068.0,0.06842486858800073,1.7994686100864783,FEASIBLE,a7280848576556479ca2ae495621dbccf1972602d6c3030b0c7cafeb25fcddb7
303,trained,trained,kroE100,kroe,100,2,20053432,True,23354.0,22068.0,0.05827442450607214,2.2794457379495725,FEASIBLE,a7280848576556479ca2ae495621dbccf1972602d6c3030b0c7cafeb25fcddb7
303,trained,trained,kroE100,kroe,100,3,2144915829,True,23230.0,22068.0,0.05265542867500453,2.290259931003675,FEASIBLE,a7280848576556479ca2ae495621dbccf1972602d6c3030b0c7cafeb25fcddb7
303,trained,trained,kroE100,kroe,100,4,406326057,True,22994.0,22068.0,0.04196121080297263,1.657067627995275,FEASIBLE,a7280848576556479ca2ae495621dbccf1972602d6c3030b0c7cafeb25fcddb7
303,trained,trained,pr76,pr,76,0,2901781829,True,110415.0,108159.0,0.020858181011288935,0.7996495040133595,FEASIBLE,a7280848576556479ca2ae495621dbccf1972602d6c3030b0c7cafeb25fcddb7
303,trained,trained,pr76,pr,76,1,4223746057,True,115863.0,108159.0,0.07122846919812498,1.1755285320105031,FEASIBLE,a7280848576556479ca2ae495621dbccf1972602d6c3030b0c7cafeb25fcddb7
303,trained,trained,pr76,pr,76,2,3193699373,True,113333.0,108159.0,0.047836980741316024,1.0484615080058575,FEASIBLE,a7280848576556479ca2ae495621dbccf1972602d6c3030b0c7cafeb25fcddb7
303,trained,trained,pr76,pr,76,3,1127408407,True,115902.0,108159.0,0.07158904945496908,0.6940096929902211,FEASIBLE,a7280848576556479ca2ae495621dbccf1972602d6c3030b0c7cafeb25fcddb7
303,trained,trained,pr76,pr,76,4,2617542188,True,110406.0,108159.0,0.020774970182786453,0.8029107480542734,FEASIBLE,a7280848576556479ca2ae495621dbccf1972602d6c3030b0c7cafeb25fcddb7
303,trained,trained,rat99,rat,99,0,3278022449,True,1274.0,1211.0,0.05202312138728324,1.8703054009238258,FEASIBLE,a7280848576556479ca2ae495621dbccf1972602d6c3030b0c7cafeb25fcddb7
303,trained,trained,rat99,rat,99,1,1665794358,True,1291.0,1211.0,0.06606110652353427,1.6591418359894305,FEASIBLE,a7280848576556479ca2ae495621dbccf1972602d6c3030b0c7cafeb25fcddb7
303,trained,trained,rat99,rat,99,2,652086649,True,1314.0,1211.0,0.08505367464905036,1.6479819240048528,FEASIBLE,a7280848576556479ca2ae495621dbccf1972602d6c3030b0c7cafeb25fcddb7
303,trained,trained,rat99,rat,99,3,2959654235,True,1305.0,1211.0,0.07762180016515277,1.551738781039603,FEASIBLE,a7280848576556479ca2ae495621dbccf1972602d6c3030b0c7cafeb25fcddb7
303,trained,trained,rat99,rat,99,4,1920425705,True,1273.0,1211.0,0.05119735755573906,1.0856623119907454,FEASIBLE,a7280848576556479ca2ae495621dbccf1972602d6c3030b0c7cafeb25fcddb7
303,trained,trained,rd100,rd,100,0,3753266947,True,8451.0,7910.0,0.0683944374209861,2.684747313032858,FEASIBLE,a7280848576556479ca2ae495621dbccf1972602d6c3030b0c7cafeb25fcddb7
303,trained,trained,rd100,rd,100,1,611398029,True,8571.0,7910.0,0.08356510745891277,2.968118410091847,FEASIBLE,a7280848576556479ca2ae495621dbccf1972602d6c3030b0c7cafeb25fcddb7
303,trained,trained,rd100,rd,100,2,1951760086,True,8661.0,7910.0,0.09494310998735778,1.9714023129781708,FEASIBLE,a7280848576556479ca2ae495621dbccf1972602d6c3030b0c7cafeb25fcddb7
303,trained,trained,rd100,rd,100,3,3144798270,True,8841.0,7910.0,0.11769911504424779,1.9557130060857162,FEASIBLE,a7280848576556479ca2ae495621dbccf1972602d6c3030b0c7cafeb25fcddb7
303,trained,trained,rd100,rd,100,4,29074028,True,8385.0,7910.0,0.06005056890012642,2.8096814419841394,FEASIBLE,a7280848576556479ca2ae495621dbccf1972602d6c3030b0c7cafeb25fcddb7
303,trained,trained,st70,st,70,0,401453960,True,719.0,675.0,0.06518518518518518,0.6260863799834624,FEASIBLE,a7280848576556479ca2ae495621dbccf1972602d6c3030b0c7cafeb25fcddb7
303,trained,trained,st70,st,70,1,1288691155,True,721.0,675.0,0.06814814814814815,0.4608746130252257,FEASIBLE,a7280848576556479ca2ae495621dbccf1972602d6c3030b0c7cafeb25fcddb7
303,trained,trained,st70,st,70,2,3632188453,True,727.0,675.0,0.07703703703703704,0.4606552920304239,FEASIBLE,a7280848576556479ca2ae495621dbccf1972602d6c3030b0c7cafeb25fcddb7
303,trained,trained,st70,st,70,3,4136753824,True,752.0,675.0,0.11407407407407408,0.5558082279749215,FEASIBLE,a7280848576556479ca2ae495621dbccf1972602d6c3030b0c7cafeb25fcddb7
303,trained,trained,st70,st,70,4,2657995636,True,721.0,675.0,0.06814814814814815,0.478993030032143,FEASIBLE,a7280848576556479ca2ae495621dbccf1972602d6c3030b0c7cafeb25fcddb7
101,base64,base64,berlin52,berlin,52,0,2874989832,True,8193.0,7542.0,0.08631662688941925,0.19291881599929184,FEASIBLE,53acdb206f7d2a72b3f2d4c0421c2f80b5993df68373045190e7ece9c5d8077c
101,base64,base64,berlin52,berlin,52,1,2287868315,True,8193.0,7542.0,0.08631662688941925,0.19242484704591334,FEASIBLE,53acdb206f7d2a72b3f2d4c0421c2f80b5993df68373045190e7ece9c5d8077c
101,base64,base64,berlin52,berlin,52,2,2709997624,True,8193.0,7542.0,0.08631662688941925,0.20870396099053323,FEASIBLE,53acdb206f7d2a72b3f2d4c0421c2f80b5993df68373045190e7ece9c5d8077c
101,base64,base64,berlin52,berlin,52,3,764792075,True,8193.0,7542.0,0.08631662688941925,0.21885171195026487,FEASIBLE,53acdb206f7d2a72b3f2d4c0421c2f80b5993df68373045190e7ece9c5d8077c
101,base64,base64,berlin52,berlin,52,4,2566821560,True,8193.0,7542.0,0.08631662688941925,0.2141725920373574,FEASIBLE,53acdb206f7d2a72b3f2d4c0421c2f80b5993df68373045190e7ece9c5d8077c
101,base64,base64,eil51,eil,51,0,786996049,True,454.0,426.0,0.06572769953051644,0.1832608749391511,FEASIBLE,53acdb206f7d2a72b3f2d4c0421c2f80b5993df68373045190e7ece9c5d8077c
101,base64,base64,eil51,eil,51,1,235966183,True,454.0,426.0,0.06572769953051644,0.1785112280631438,FEASIBLE,53acdb206f7d2a72b3f2d4c0421c2f80b5993df68373045190e7ece9c5d8077c
101,base64,base64,eil51,eil,51,2,2032342391,True,454.0,426.0,0.06572769953051644,0.17473160196095705,FEASIBLE,53acdb206f7d2a72b3f2d4c0421c2f80b5993df68373045190e7ece9c5d8077c
101,base64,base64,eil51,eil,51,3,394292198,True,454.0,426.0,0.06572769953051644,0.17650834703817964,FEASIBLE,53acdb206f7d2a72b3f2d4c0421c2f80b5993df68373045190e7ece9c5d8077c
101,base64,base64,eil51,eil,51,4,3698758310,True,454.0,426.0,0.06572769953051644,0.174209121032618,FEASIBLE,53acdb206f7d2a72b3f2d4c0421c2f80b5993df68373045190e7ece9c5d8077c
101,base64,base64,eil76,eil,76,0,3488733294,True,572.0,538.0,0.06319702602230483,0.520241613034159,FEASIBLE,53acdb206f7d2a72b3f2d4c0421c2f80b5993df68373045190e7ece9c5d8077c
101,base64,base64,eil76,eil,76,1,2519436327,True,572.0,538.0,0.06319702602230483,0.5201779350172728,FEASIBLE,53acdb206f7d2a72b3f2d4c0421c2f80b5993df68373045190e7ece9c5d8077c
101,base64,base64,eil76,eil,76,2,3670790312,True,572.0,538.0,0.06319702602230483,0.5254573250422254,FEASIBLE,53acdb206f7d2a72b3f2d4c0421c2f80b5993df68373045190e7ece9c5d8077c
101,base64,base64,eil76,eil,76,3,3590743262,True,572.0,538.0,0.06319702602230483,0.5288706270512193,FEASIBLE,53acdb206f7d2a72b3f2d4c0421c2f80b5993df68373045190e7ece9c5d8077c
101,base64,base64,eil76,eil,76,4,1961457339,True,572.0,538.0,0.06319702602230483,0.5418810410192236,FEASIBLE,53acdb206f7d2a72b3f2d4c0421c2f80b5993df68373045190e7ece9c5d8077c
101,base64,base64,kroA100,kroa,100,0,3607549047,True,22773.0,21282.0,0.07005920496193967,2.5054798510391265,FEASIBLE,53acdb206f7d2a72b3f2d4c0421c2f80b5993df68373045190e7ece9c5d8077c
101,base64,base64,kroA100,kroa,100,1,1171159071,True,22773.0,21282.0,0.07005920496193967,2.472878584987484,FEASIBLE,53acdb206f7d2a72b3f2d4c0421c2f80b5993df68373045190e7ece9c5d8077c
101,base64,base64,kroA100,kroa,100,2,1963168802,True,22773.0,21282.0,0.07005920496193967,2.4835939669283107,FEASIBLE,53acdb206f7d2a72b3f2d4c0421c2f80b5993df68373045190e7ece9c5d8077c
101,base64,base64,kroA100,kroa,100,3,1439782545,True,22773.0,21282.0,0.07005920496193967,2.4861974390223622,FEASIBLE,53acdb206f7d2a72b3f2d4c0421c2f80b5993df68373045190e7ece9c5d8077c
101,base64,base64,kroA100,kroa,100,4,2237015325,True,22773.0,21282.0,0.07005920496193967,2.472999382065609,FEASIBLE,53acdb206f7d2a72b3f2d4c0421c2f80b5993df68373045190e7ece9c5d8077c
101,base64,base64,kroB100,krob,100,0,4052539979,True,24359.0,22141.0,0.1001761438056095,1.9328442399855703,FEASIBLE,53acdb206f7d2a72b3f2d4c0421c2f80b5993df68373045190e7ece9c5d8077c
101,base64,base64,kroB100,krob,100,1,329019125,True,24359.0,22141.0,0.1001761438056095,1.9414363580290228,FEASIBLE,53acdb206f7d2a72b3f2d4c0421c2f80b5993df68373045190e7ece9c5d8077c
101,base64,base64,kroB100,krob,100,2,2794687350,True,24359.0,22141.0,0.1001761438056095,1.936246629920788,FEASIBLE,53acdb206f7d2a72b3f2d4c0421c2f80b5993df68373045190e7ece9c5d8077c
101,base64,base64,kroB100,krob,100,3,1767226010,True,24359.0,22141.0,0.1001761438056095,1.9485430509084836,FEASIBLE,53acdb206f7d2a72b3f2d4c0421c2f80b5993df68373045190e7ece9c5d8077c
101,base64,base64,kroB100,krob,100,4,3171010272,True,24359.0,22141.0,0.1001761438056095,1.946407629060559,FEASIBLE,53acdb206f7d2a72b3f2d4c0421c2f80b5993df68373045190e7ece9c5d8077c
101,base64,base64,kroC100,kroc,100,0,416185648,True,23749.0,20749.0,0.14458528121837197,1.7353370209457353,FEASIBLE,53acdb206f7d2a72b3f2d4c0421c2f80b5993df68373045190e7ece9c5d8077c
101,base64,base64,kroC100,kroc,100,1,1308235135,True,23749.0,20749.0,0.14458528121837197,1.7297282660147175,FEASIBLE,53acdb206f7d2a72b3f2d4c0421c2f80b5993df68373045190e7ece9c5d8077c
101,base64,base64,kroC100,kroc,100,2,1518585011,True,23749.0,20749.0,0.14458528121837197,1.725109784048982,FEASIBLE,53acdb206f7d2a72b3f2d4c0421c2f80b5993df68373045190e7ece9c5d8077c
101,base64,base64,kroC100,kroc,100,3,656896932,True,23749.0,20749.0,0.14458528121837197,1.7618724259082228,FEASIBLE,53acdb206f7d2a72b3f2d4c0421c2f80b5993df68373045190e7ece9c5d8077c
101,base64,base64,kroC100,kroc,100,4,3319736501,True,23749.0,20749.0,0.14458528121837197,1.7466420159908012,FEASIBLE,53acdb206f7d2a72b3f2d4c0421c2f80b5993df68373045190e7ece9c5d8077c
101,base64,base64,kroD100,krod,100,0,2590939674,True,24454.0,21294.0,0.14839860993707146,1.9515820300439373,FEASIBLE,53acdb206f7d2a72b3f2d4c0421c2f80b5993df68373045190e7ece9c5d8077c
101,base64,base64,kroD100,krod,100,1,4029978982,True,24454.0,21294.0,0.14839860993707146,1.9350689379498363,FEASIBLE,53acdb206f7d2a72b3f2d4c0421c2f80b5993df68373045190e7ece9c5d8077c
101,base64,base64,kroD100,krod,100,2,482384197,True,24454.0,21294.0,0.14839860993707146,1.9321803560014814,FEASIBLE,53acdb206f7d2a72b3f2d4c0421c2f80b5993df68373045190e7ece9c5d8077c
101,base64,base64,kroD100,krod,100,3,405893105,True,24454.0,21294.0,0.14839860993707146,1.9239797769114375,FEASIBLE,53acdb206f7d2a72b3f2d4c0421c2f80b5993df68373045190e7ece9c5d8077c
101,base64,base64,kroD100,krod,100,4,1236349829,True,24454.0,21294.0,0.14839860993707146,1.9265363370068371,FEASIBLE,53acdb206f7d2a72b3f2d4c0421c2f80b5993df68373045190e7ece9c5d8077c
101,base64,base64,kroE100,kroe,100,0,363902383,True,23761.0,22068.0,0.07671741888707631,1.7151945380028337,FEASIBLE,53acdb206f7d2a72b3f2d4c0421c2f80b5993df68373045190e7ece9c5d8077c
101,base64,base64,kroE100,kroe,100,1,1803528854,True,23761.0,22068.0,0.07671741888707631,1.708844910026528,FEASIBLE,53acdb206f7d2a72b3f2d4c0421c2f80b5993df68373045190e7ece9c5d8077c
101,base64,base64,kroE100,kroe,100,2,697899445,True,23761.0,22068.0,0.07671741888707631,1.706689648097381,FEASIBLE,53acdb206f7d2a72b3f2d4c0421c2f80b5993df68373045190e7ece9c5d8077c
101,base64,base64,kroE100,kroe,100,3,835041547,True,23761.0,22068.0,0.07671741888707631,1.6866767930332571,FEASIBLE,53acdb206f7d2a72b3f2d4c0421c2f80b5993df68373045190e7ece9c5d8077c
101,base64,base64,kroE100,kroe,100,4,713403532,True,23761.0,22068.0,0.07671741888707631,1.7082117140525952,FEASIBLE,53acdb206f7d2a72b3f2d4c0421c2f80b5993df68373045190e7ece9c5d8077c
101,base64,base64,pr76,pr,76,0,41732930,True,123971.0,108159.0,0.14619218003125029,0.9089662280166522,FEASIBLE,53acdb206f7d2a72b3f2d4c0421c2f80b5993df68373045190e7ece9c5d8077c
101,base64,base64,pr76,pr,76,1,2768977601,True,123971.0,108159.0,0.14619218003125029,0.9098070979816839,FEASIBLE,53acdb206f7d2a72b3f2d4c0421c2f80b5993df68373045190e7ece9c5d8077c
101,base64,base64,pr76,pr,76,2,2309925522,True,123971.0,108159.0,0.14619218003125029,0.9154590839752927,FEASIBLE,53acdb206f7d2a72b3f2d4c0421c2f80b5993df68373045190e7ece9c5d8077c
101,base64,base64,pr76,pr,76,3,1072426770,True,123971.0,108159.0,0.14619218003125029,0.9112362059531733,FEASIBLE,53acdb206f7d2a72b3f2d4c0421c2f80b5993df68373045190e7ece9c5d8077c
101,base64,base64,pr76,pr,76,4,4170269549,True,123971.0,108159.0,0.14619218003125029,0.9110227730125189,FEASIBLE,53acdb206f7d2a72b3f2d4c0421c2f80b5993df68373045190e7ece9c5d8077c
101,base64,base64,rat99,rat,99,0,1386518535,True,1429.0,1211.0,0.18001651527663087,1.4033625910524279,FEASIBLE,53acdb206f7d2a72b3f2d4c0421c2f80b5993df68373045190e7ece9c5d8077c
101,base64,base64,rat99,rat,99,1,3613177077,True,1429.0,1211.0,0.18001651527663087,1.4009387609548867,FEASIBLE,53acdb206f7d2a72b3f2d4c0421c2f80b5993df68373045190e7ece9c5d8077c
101,base64,base64,rat99,rat,99,2,4044857576,True,1429.0,1211.0,0.18001651527663087,1.42155345401261,FEASIBLE,53acdb206f7d2a72b3f2d4c0421c2f80b5993df68373045190e7ece9c5d8077c
101,base64,base64,rat99,rat,99,3,3771897516,True,1429.0,1211.0,0.18001651527663087,1.3879037080332637,FEASIBLE,53acdb206f7d2a72b3f2d4c0421c2f80b5993df68373045190e7ece9c5d8077c
101,base64,base64,rat99,rat,99,4,252526908,True,1429.0,1211.0,0.18001651527663087,1.3944652009522542,FEASIBLE,53acdb206f7d2a72b3f2d4c0421c2f80b5993df68373045190e7ece9c5d8077c
101,base64,base64,rd100,rd,100,0,552122125,True,8680.0,7910.0,0.09734513274336283,2.198000923031941,FEASIBLE,53acdb206f7d2a72b3f2d4c0421c2f80b5993df68373045190e7ece9c5d8077c
101,base64,base64,rd100,rd,100,1,4170737884,True,8680.0,7910.0,0.09734513274336283,2.200277075986378,FEASIBLE,53acdb206f7d2a72b3f2d4c0421c2f80b5993df68373045190e7ece9c5d8077c
101,base64,base64,rd100,rd,100,2,1244828751,True,8680.0,7910.0,0.09734513274336283,2.2017363909399137,FEASIBLE,53acdb206f7d2a72b3f2d4c0421c2f80b5993df68373045190e7ece9c5d8077c
101,base64,base64,rd100,rd,100,3,2958071883,True,8680.0,7910.0,0.09734513274336283,2.2041121260263026,FEASIBLE,53acdb206f7d2a72b3f2d4c0421c2f80b5993df68373045190e7ece9c5d8077c
101,base64,base64,rd100,rd,100,4,2796836856,True,8680.0,7910.0,0.09734513274336283,2.1768734148936346,FEASIBLE,53acdb206f7d2a72b3f2d4c0421c2f80b5993df68373045190e7ece9c5d8077c
101,base64,base64,st70,st,70,0,1510409944,True,738.0,675.0,0.09333333333333334,0.5684017909225076,FEASIBLE,53acdb206f7d2a72b3f2d4c0421c2f80b5993df68373045190e7ece9c5d8077c
101,base64,base64,st70,st,70,1,2201141416,True,738.0,675.0,0.09333333333333334,0.5801586440065876,FEASIBLE,53acdb206f7d2a72b3f2d4c0421c2f80b5993df68373045190e7ece9c5d8077c
101,base64,base64,st70,st,70,2,1756161515,True,738.0,675.0,0.09333333333333334,0.5507639999268577,FEASIBLE,53acdb206f7d2a72b3f2d4c0421c2f80b5993df68373045190e7ece9c5d8077c
101,base64,base64,st70,st,70,3,83988591,True,738.0,675.0,0.09333333333333334,0.5522781290346757,FEASIBLE,53acdb206f7d2a72b3f2d4c0421c2f80b5993df68373045190e7ece9c5d8077c
101,base64,base64,st70,st,70,4,3733931625,True,738.0,675.0,0.09333333333333334,0.5565245259786025,FEASIBLE,53acdb206f7d2a72b3f2d4c0421c2f80b5993df68373045190e7ece9c5d8077c
202,base64,base64,berlin52,berlin,52,0,3499983001,True,11226.0,7542.0,0.4884645982498011,2.2110054809600115,FEASIBLE,913072853418d915478ec3249a4669930bc9af02a7a5a061565e494ad44b92b0
202,base64,base64,berlin52,berlin,52,1,3768713281,True,10377.0,7542.0,0.37589498806682575,2.2360473329899833,FEASIBLE,913072853418d915478ec3249a4669930bc9af02a7a5a061565e494ad44b92b0
202,base64,base64,berlin52,berlin,52,2,1606363845,True,11015.0,7542.0,0.46048793423495094,2.238113956991583,FEASIBLE,913072853418d915478ec3249a4669930bc9af02a7a5a061565e494ad44b92b0
202,base64,base64,berlin52,berlin,52,3,3372856279,True,12013.0,7542.0,0.5928135773004508,2.2739627710543573,FEASIBLE,913072853418d915478ec3249a4669930bc9af02a7a5a061565e494ad44b92b0
202,base64,base64,berlin52,berlin,52,4,3591542596,True,10320.0,7542.0,0.36833731105807477,2.2160896769491956,FEASIBLE,913072853418d915478ec3249a4669930bc9af02a7a5a061565e494ad44b92b0
202,base64,base64,eil51,eil,51,0,1084812716,True,694.0,426.0,0.6291079812206573,2.1314405440352857,FEASIBLE,913072853418d915478ec3249a4669930bc9af02a7a5a061565e494ad44b92b0
202,base64,base64,eil51,eil,51,1,635999882,True,723.0,426.0,0.6971830985915493,2.145314803929068,FEASIBLE,913072853418d915478ec3249a4669930bc9af02a7a5a061565e494ad44b92b0
202,base64,base64,eil51,eil,51,2,1886763623,True,654.0,426.0,0.5352112676056338,2.1431257829535753,FEASIBLE,913072853418d915478ec3249a4669930bc9af02a7a5a061565e494ad44b92b0
202,base64,base64,eil51,eil,51,3,4002593703,True,641.0,426.0,0.5046948356807511,2.154773584101349,FEASIBLE,913072853418d915478ec3249a4669930bc9af02a7a5a061565e494ad44b92b0
202,base64,base64,eil51,eil,51,4,3943113937,True,629.0,426.0,0.4765258215962441,2.134846230968833,FEASIBLE,913072853418d915478ec3249a4669930bc9af02a7a5a061565e494ad44b92b0
202,base64,base64,eil76,eil,76,0,743522659,True,1020.0,538.0,0.895910780669145,3.8400115739786997,FEASIBLE,913072853418d915478ec3249a4669930bc9af02a7a5a061565e494ad44b92b0
202,base64,base64,eil76,eil,76,1,1125925278,True,1066.0,538.0,0.9814126394052045,3.8767283939523622,FEASIBLE,913072853418d915478ec3249a4669930bc9af02a7a5a061565e494ad44b92b0
202,base64,base64,eil76,eil,76,2,616286066,True,1024.0,538.0,0.9033457249070632,3.9075375869870186,FEASIBLE,913072853418d915478ec3249a4669930bc9af02a7a5a061565e494ad44b92b0
202,base64,base64,eil76,eil,76,3,3079908493,True,1039.0,538.0,0.9312267657992565,3.85188317601569,FEASIBLE,913072853418d915478ec3249a4669930bc9af02a7a5a061565e494ad44b92b0
202,base64,base64,eil76,eil,76,4,3128699453,True,967.0,538.0,0.7973977695167286,3.8683467969531193,FEASIBLE,913072853418d915478ec3249a4669930bc9af02a7a5a061565e494ad44b92b0
202,base64,base64,kroA100,kroa,100,0,55269337,False,inf,21282.0,1.0,5.094548133085482,Time limit exceeded,913072853418d915478ec3249a4669930bc9af02a7a5a061565e494ad44b92b0
202,base64,base64,kroA100,kroa,100,1,941857249,False,inf,21282.0,1.0,5.07705363293644,Time limit exceeded,913072853418d915478ec3249a4669930bc9af02a7a5a061565e494ad44b92b0
202,base64,base64,kroA100,kroa,100,2,3526120966,False,inf,21282.0,1.0,5.085120358970016,Time limit exceeded,913072853418d915478ec3249a4669930bc9af02a7a5a061565e494ad44b92b0
202,base64,base64,kroA100,kroa,100,3,2462421769,False,inf,21282.0,1.0,5.07523359300103,Time limit exceeded,913072853418d915478ec3249a4669930bc9af02a7a5a061565e494ad44b92b0
202,base64,base64,kroA100,kroa,100,4,3097622452,False,inf,21282.0,1.0,5.084944013971835,Time limit exceeded,913072853418d915478ec3249a4669930bc9af02a7a5a061565e494ad44b92b0
202,base64,base64,kroB100,krob,100,0,1908480985,False,inf,22141.0,1.0,5.124285071971826,Time limit exceeded,913072853418d915478ec3249a4669930bc9af02a7a5a061565e494ad44b92b0
202,base64,base64,kroB100,krob,100,1,593555476,False,inf,22141.0,1.0,5.093597218976356,Time limit exceeded,913072853418d915478ec3249a4669930bc9af02a7a5a061565e494ad44b92b0
202,base64,base64,kroB100,krob,100,2,2535583157,False,inf,22141.0,1.0,5.109370555030182,Time limit exceeded,913072853418d915478ec3249a4669930bc9af02a7a5a061565e494ad44b92b0
202,base64,base64,kroB100,krob,100,3,1886002659,False,inf,22141.0,1.0,5.096908794948831,Time limit exceeded,913072853418d915478ec3249a4669930bc9af02a7a5a061565e494ad44b92b0
202,base64,base64,kroB100,krob,100,4,722155580,False,inf,22141.0,1.0,5.073739398969337,Time limit exceeded,913072853418d915478ec3249a4669930bc9af02a7a5a061565e494ad44b92b0
202,base64,base64,kroC100,kroc,100,0,668026638,False,inf,20749.0,1.0,5.052062307950109,Time limit exceeded,913072853418d915478ec3249a4669930bc9af02a7a5a061565e494ad44b92b0
202,base64,base64,kroC100,kroc,100,1,1771183349,False,inf,20749.0,1.0,5.068055957905017,Time limit exceeded,913072853418d915478ec3249a4669930bc9af02a7a5a061565e494ad44b92b0
202,base64,base64,kroC100,kroc,100,2,2077649496,False,inf,20749.0,1.0,5.056283009937033,Time limit exceeded,913072853418d915478ec3249a4669930bc9af02a7a5a061565e494ad44b92b0
202,base64,base64,kroC100,kroc,100,3,4111108682,False,inf,20749.0,1.0,5.066244142013602,Time limit exceeded,913072853418d915478ec3249a4669930bc9af02a7a5a061565e494ad44b92b0
202,base64,base64,kroC100,kroc,100,4,107182714,False,inf,20749.0,1.0,5.070083190919831,Time limit exceeded,913072853418d915478ec3249a4669930bc9af02a7a5a061565e494ad44b92b0
202,base64,base64,kroD100,krod,100,0,348632231,False,inf,21294.0,1.0,5.088954641949385,Time limit exceeded,913072853418d915478ec3249a4669930bc9af02a7a5a061565e494ad44b92b0
202,base64,base64,kroD100,krod,100,1,3062183777,False,inf,21294.0,1.0,5.1345957620069385,Time limit exceeded,913072853418d915478ec3249a4669930bc9af02a7a5a061565e494ad44b92b0
202,base64,base64,kroD100,krod,100,2,602810834,False,inf,21294.0,1.0,5.0988900469383225,Time limit exceeded,913072853418d915478ec3249a4669930bc9af02a7a5a061565e494ad44b92b0
202,base64,base64,kroD100,krod,100,3,3768283548,False,inf,21294.0,1.0,5.111943820025772,Time limit exceeded,913072853418d915478ec3249a4669930bc9af02a7a5a061565e494ad44b92b0
202,base64,base64,kroD100,krod,100,4,2380714241,False,inf,21294.0,1.0,5.124159924103878,Time limit exceeded,913072853418d915478ec3249a4669930bc9af02a7a5a061565e494ad44b92b0
202,base64,base64,kroE100,kroe,100,0,2815161271,False,inf,22068.0,1.0,5.124261007993482,Time limit exceeded,913072853418d915478ec3249a4669930bc9af02a7a5a061565e494ad44b92b0
202,base64,base64,kroE100,kroe,100,1,3305280823,False,inf,22068.0,1.0,5.119528577895835,Time limit exceeded,913072853418d915478ec3249a4669930bc9af02a7a5a061565e494ad44b92b0
202,base64,base64,kroE100,kroe,100,2,2323863908,False,inf,22068.0,1.0,5.081247583962977,Time limit exceeded,913072853418d915478ec3249a4669930bc9af02a7a5a061565e494ad44b92b0
202,base64,base64,kroE100,kroe,100,3,2929469159,False,inf,22068.0,1.0,5.112613016040996,Time limit exceeded,913072853418d915478ec3249a4669930bc9af02a7a5a061565e494ad44b92b0
202,base64,base64,kroE100,kroe,100,4,1591126088,False,inf,22068.0,1.0,5.110249503981322,Time limit exceeded,913072853418d915478ec3249a4669930bc9af02a7a5a061565e494ad44b92b0
202,base64,base64,pr76,pr,76,0,2947275067,True,228606.0,108159.0,1.1136105178487228,3.8970325039699674,FEASIBLE,913072853418d915478ec3249a4669930bc9af02a7a5a061565e494ad44b92b0
202,base64,base64,pr76,pr,76,1,2935269045,True,242749.0,108159.0,1.2443717120165683,3.9015178370755166,FEASIBLE,913072853418d915478ec3249a4669930bc9af02a7a5a061565e494ad44b92b0
202,base64,base64,pr76,pr,76,2,1548829247,True,196816.0,108159.0,0.8196913802827319,3.907712493906729,FEASIBLE,913072853418d915478ec3249a4669930bc9af02a7a5a061565e494ad44b92b0
202,base64,base64,pr76,pr,76,3,1288589357,True,217134.0,108159.0,1.0075444484508917,3.8901593070477247,FEASIBLE,913072853418d915478ec3249a4669930bc9af02a7a5a061565e494ad44b92b0
202,base64,base64,pr76,pr,76,4,1704965348,True,250638.0,108159.0,1.3173106260227998,3.8934361019637436,FEASIBLE,913072853418d915478ec3249a4669930bc9af02a7a5a061565e494ad44b92b0
202,base64,base64,rat99,rat,99,0,1743183846,False,inf,1211.0,1.0,5.094992695027031,Time limit exceeded,913072853418d915478ec3249a4669930bc9af02a7a5a061565e494ad44b92b0
202,base64,base64,rat99,rat,99,1,1543715650,False,inf,1211.0,1.0,5.106013220036402,Time limit exceeded,913072853418d915478ec3249a4669930bc9af02a7a5a061565e494ad44b92b0
202,base64,base64,rat99,rat,99,2,941377323,False,inf,1211.0,1.0,5.099738884018734,Time limit exceeded,913072853418d915478ec3249a4669930bc9af02a7a5a061565e494ad44b92b0
202,base64,base64,rat99,rat,99,3,1445381253,False,inf,1211.0,1.0,5.056410685065202,Time limit exceeded,913072853418d915478ec3249a4669930bc9af02a7a5a061565e494ad44b92b0
202,base64,base64,rat99,rat,99,4,3106094077,False,inf,1211.0,1.0,5.083021608996205,Time limit exceeded,913072853418d915478ec3249a4669930bc9af02a7a5a061565e494ad44b92b0
202,base64,base64,rd100,rd,100,0,440099980,False,inf,7910.0,1.0,5.0942432140000165,Time limit exceeded,913072853418d915478ec3249a4669930bc9af02a7a5a061565e494ad44b92b0
202,base64,base64,rd100,rd,100,1,272831889,False,inf,7910.0,1.0,5.0824574020225555,Time limit exceeded,913072853418d915478ec3249a4669930bc9af02a7a5a061565e494ad44b92b0
202,base64,base64,rd100,rd,100,2,2745455590,False,inf,7910.0,1.0,5.062473378027789,Time limit exceeded,913072853418d915478ec3249a4669930bc9af02a7a5a061565e494ad44b92b0
202,base64,base64,rd100,rd,100,3,583630049,False,inf,7910.0,1.0,5.052643728908151,Time limit exceeded,913072853418d915478ec3249a4669930bc9af02a7a5a061565e494ad44b92b0
202,base64,base64,rd100,rd,100,4,661062573,False,inf,7910.0,1.0,5.061528063029982,Time limit exceeded,913072853418d915478ec3249a4669930bc9af02a7a5a061565e494ad44b92b0
202,base64,base64,st70,st,70,0,1650961148,True,1343.0,675.0,0.9896296296296296,3.388898612000048,FEASIBLE,913072853418d915478ec3249a4669930bc9af02a7a5a061565e494ad44b92b0
202,base64,base64,st70,st,70,1,3608511223,True,1489.0,675.0,1.2059259259259258,3.4514894490130246,FEASIBLE,913072853418d915478ec3249a4669930bc9af02a7a5a061565e494ad44b92b0
202,base64,base64,st70,st,70,2,2792469785,True,1363.0,675.0,1.0192592592592593,3.39352893398609,FEASIBLE,913072853418d915478ec3249a4669930bc9af02a7a5a061565e494ad44b92b0
202,base64,base64,st70,st,70,3,2795438361,True,1591.0,675.0,1.357037037037037,3.4093689559958875,FEASIBLE,913072853418d915478ec3249a4669930bc9af02a7a5a061565e494ad44b92b0
202,base64,base64,st70,st,70,4,2993000132,True,1582.0,675.0,1.3437037037037036,3.3799673679750413,FEASIBLE,913072853418d915478ec3249a4669930bc9af02a7a5a061565e494ad44b92b0
303,base64,base64,berlin52,berlin,52,0,1623702676,True,10160.0,7542.0,0.34712277910368605,2.3687048399588093,FEASIBLE,00bcda6012bc84d751ef44f53e6a45cac4cc75f9ae7b7061958512bd17c079da
303,base64,base64,berlin52,berlin,52,1,3794990525,True,8970.0,7542.0,0.18933969769291964,2.343759562005289,FEASIBLE,00bcda6012bc84d751ef44f53e6a45cac4cc75f9ae7b7061958512bd17c079da
303,base64,base64,berlin52,berlin,52,2,1157746170,True,9942.0,7542.0,0.31821797931583135,2.3618542989715934,FEASIBLE,00bcda6012bc84d751ef44f53e6a45cac4cc75f9ae7b7061958512bd17c079da
303,base64,base64,berlin52,berlin,52,3,3421213597,True,10191.0,7542.0,0.35123309466984887,2.3457625709706917,FEASIBLE,00bcda6012bc84d751ef44f53e6a45cac4cc75f9ae7b7061958512bd17c079da
303,base64,base64,berlin52,berlin,52,4,3463540190,True,8831.0,7542.0,0.17090957305754442,2.3377605460118502,FEASIBLE,00bcda6012bc84d751ef44f53e6a45cac4cc75f9ae7b7061958512bd17c079da
303,base64,base64,eil51,eil,51,0,829136509,True,535.0,426.0,0.25586854460093894,2.2794590489938855,FEASIBLE,00bcda6012bc84d751ef44f53e6a45cac4cc75f9ae7b7061958512bd17c079da
303,base64,base64,eil51,eil,51,1,1501368522,True,581.0,426.0,0.36384976525821594,2.288673900999129,FEASIBLE,00bcda6012bc84d751ef44f53e6a45cac4cc75f9ae7b7061958512bd17c079da
303,base64,base64,eil51,eil,51,2,983994572,True,537.0,426.0,0.2605633802816901,2.287597837042995,FEASIBLE,00bcda6012bc84d751ef44f53e6a45cac4cc75f9ae7b7061958512bd17c079da
303,base64,base64,eil51,eil,51,3,2474003940,True,545.0,426.0,0.2793427230046948,2.2892651789588854,FEASIBLE,00bcda6012bc84d751ef44f53e6a45cac4cc75f9ae7b7061958512bd17c079da
303,base64,base64,eil51,eil,51,4,3020425216,True,611.0,426.0,0.43427230046948356,2.2927311840467155,FEASIBLE,00bcda6012bc84d751ef44f53e6a45cac4cc75f9ae7b7061958512bd17c079da
303,base64,base64,eil76,eil,76,0,348416856,True,1153.0,538.0,1.1431226765799256,4.117198479012586,FEASIBLE,00bcda6012bc84d751ef44f53e6a45cac4cc75f9ae7b7061958512bd17c079da
303,base64,base64,eil76,eil,76,1,1975375970,True,903.0,538.0,0.6784386617100372,4.114699738915078,FEASIBLE,00bcda6012bc84d751ef44f53e6a45cac4cc75f9ae7b7061958512bd17c079da
303,base64,base64,eil76,eil,76,2,2498191903,True,1034.0,538.0,0.9219330855018587,4.12145351502113,FEASIBLE,00bcda6012bc84d751ef44f53e6a45cac4cc75f9ae7b7061958512bd17c079da
303,base64,base64,eil76,eil,76,3,3434920570,True,856.0,538.0,0.5910780669144982,4.064774464000948,FEASIBLE,00bcda6012bc84d751ef44f53e6a45cac4cc75f9ae7b7061958512bd17c079da
303,base64,base64,eil76,eil,76,4,494976022,True,824.0,538.0,0.5315985130111525,4.073865351034328,FEASIBLE,00bcda6012bc84d751ef44f53e6a45cac4cc75f9ae7b7061958512bd17c079da
303,base64,base64,kroA100,kroa,100,0,2382040276,False,inf,21282.0,1.0,5.076882661902346,Time limit exceeded,00bcda6012bc84d751ef44f53e6a45cac4cc75f9ae7b7061958512bd17c079da
303,base64,base64,kroA100,kroa,100,1,2503140961,False,inf,21282.0,1.0,5.067824029014446,Time limit exceeded,00bcda6012bc84d751ef44f53e6a45cac4cc75f9ae7b7061958512bd17c079da
303,base64,base64,kroA100,kroa,100,2,194466882,False,inf,21282.0,1.0,5.065718653961085,Time limit exceeded,00bcda6012bc84d751ef44f53e6a45cac4cc75f9ae7b7061958512bd17c079da
303,base64,base64,kroA100,kroa,100,3,1657095113,False,inf,21282.0,1.0,5.053979016956873,Time limit exceeded,00bcda6012bc84d751ef44f53e6a45cac4cc75f9ae7b7061958512bd17c079da
303,base64,base64,kroA100,kroa,100,4,2919292035,False,inf,21282.0,1.0,5.0697057319339365,Time limit exceeded,00bcda6012bc84d751ef44f53e6a45cac4cc75f9ae7b7061958512bd17c079da
303,base64,base64,kroB100,krob,100,0,3262098964,False,inf,22141.0,1.0,5.061740281060338,Time limit exceeded,00bcda6012bc84d751ef44f53e6a45cac4cc75f9ae7b7061958512bd17c079da
303,base64,base64,kroB100,krob,100,1,3471659255,False,inf,22141.0,1.0,5.094884569989517,Time limit exceeded,00bcda6012bc84d751ef44f53e6a45cac4cc75f9ae7b7061958512bd17c079da
303,base64,base64,kroB100,krob,100,2,936317690,False,inf,22141.0,1.0,5.081761263078079,Time limit exceeded,00bcda6012bc84d751ef44f53e6a45cac4cc75f9ae7b7061958512bd17c079da
303,base64,base64,kroB100,krob,100,3,1319490059,False,inf,22141.0,1.0,5.078415030962788,Time limit exceeded,00bcda6012bc84d751ef44f53e6a45cac4cc75f9ae7b7061958512bd17c079da
303,base64,base64,kroB100,krob,100,4,2132997047,False,inf,22141.0,1.0,5.069297935930081,Time limit exceeded,00bcda6012bc84d751ef44f53e6a45cac4cc75f9ae7b7061958512bd17c079da
303,base64,base64,kroC100,kroc,100,0,3329461116,False,inf,20749.0,1.0,5.050183805986308,Time limit exceeded,00bcda6012bc84d751ef44f53e6a45cac4cc75f9ae7b7061958512bd17c079da
303,base64,base64,kroC100,kroc,100,1,660875172,False,inf,20749.0,1.0,5.06384011998307,Time limit exceeded,00bcda6012bc84d751ef44f53e6a45cac4cc75f9ae7b7061958512bd17c079da
303,base64,base64,kroC100,kroc,100,2,2518526018,False,inf,20749.0,1.0,5.061668763984926,Time limit exceeded,00bcda6012bc84d751ef44f53e6a45cac4cc75f9ae7b7061958512bd17c079da
303,base64,base64,kroC100,kroc,100,3,3204499567,False,inf,20749.0,1.0,5.053179361973889,Time limit exceeded,00bcda6012bc84d751ef44f53e6a45cac4cc75f9ae7b7061958512bd17c079da
303,base64,base64,kroC100,kroc,100,4,2912399693,False,inf,20749.0,1.0,5.064360392047092,Time limit exceeded,00bcda6012bc84d751ef44f53e6a45cac4cc75f9ae7b7061958512bd17c079da
303,base64,base64,kroD100,krod,100,0,893716166,False,inf,21294.0,1.0,5.059280965011567,Time limit exceeded,00bcda6012bc84d751ef44f53e6a45cac4cc75f9ae7b7061958512bd17c079da
303,base64,base64,kroD100,krod,100,1,1189094351,False,inf,21294.0,1.0,5.113786131958477,Time limit exceeded,00bcda6012bc84d751ef44f53e6a45cac4cc75f9ae7b7061958512bd17c079da
303,base64,base64,kroD100,krod,100,2,2900634368,False,inf,21294.0,1.0,5.105371318990365,Time limit exceeded,00bcda6012bc84d751ef44f53e6a45cac4cc75f9ae7b7061958512bd17c079da
303,base64,base64,kroD100,krod,100,3,3350393455,False,inf,21294.0,1.0,5.072431951062754,Time limit exceeded,00bcda6012bc84d751ef44f53e6a45cac4cc75f9ae7b7061958512bd17c079da
303,base64,base64,kroD100,krod,100,4,1867946764,False,inf,21294.0,1.0,5.073284948943183,Time limit exceeded,00bcda6012bc84d751ef44f53e6a45cac4cc75f9ae7b7061958512bd17c079da
303,base64,base64,kroE100,kroe,100,0,1637688432,False,inf,22068.0,1.0,5.065362697001547,Time limit exceeded,00bcda6012bc84d751ef44f53e6a45cac4cc75f9ae7b7061958512bd17c079da
303,base64,base64,kroE100,kroe,100,1,369778383,False,inf,22068.0,1.0,5.109886699938215,Time limit exceeded,00bcda6012bc84d751ef44f53e6a45cac4cc75f9ae7b7061958512bd17c079da
303,base64,base64,kroE100,kroe,100,2,962492763,False,inf,22068.0,1.0,5.089477666071616,Time limit exceeded,00bcda6012bc84d751ef44f53e6a45cac4cc75f9ae7b7061958512bd17c079da
303,base64,base64,kroE100,kroe,100,3,472300083,False,inf,22068.0,1.0,5.044729477958754,Time limit exceeded,00bcda6012bc84d751ef44f53e6a45cac4cc75f9ae7b7061958512bd17c079da
303,base64,base64,kroE100,kroe,100,4,1682585840,False,inf,22068.0,1.0,5.163829067023471,Time limit exceeded,00bcda6012bc84d751ef44f53e6a45cac4cc75f9ae7b7061958512bd17c079da
303,base64,base64,pr76,pr,76,0,252057446,True,252527.0,108159.0,1.3347756543607097,4.261222450993955,FEASIBLE,00bcda6012bc84d751ef44f53e6a45cac4cc75f9ae7b7061958512bd17c079da
303,base64,base64,pr76,pr,76,1,1871991320,True,238768.0,108159.0,1.207564788875637,4.301787664066069,FEASIBLE,00bcda6012bc84d751ef44f53e6a45cac4cc75f9ae7b7061958512bd17c079da
303,base64,base64,pr76,pr,76,2,522385947,True,223683.0,108159.0,1.0680941946578648,4.230496198986657,FEASIBLE,00bcda6012bc84d751ef44f53e6a45cac4cc75f9ae7b7061958512bd17c079da
303,base64,base64,pr76,pr,76,3,3487654621,True,227700.0,108159.0,1.1052339611128061,4.24751378595829,FEASIBLE,00bcda6012bc84d751ef44f53e6a45cac4cc75f9ae7b7061958512bd17c079da
303,base64,base64,pr76,pr,76,4,719547135,True,191592.0,108159.0,0.7713921171608465,4.21931155200582,FEASIBLE,00bcda6012bc84d751ef44f53e6a45cac4cc75f9ae7b7061958512bd17c079da
303,base64,base64,rat99,rat,99,0,2052917030,False,inf,1211.0,1.0,5.084714036085643,Time limit exceeded,00bcda6012bc84d751ef44f53e6a45cac4cc75f9ae7b7061958512bd17c079da
303,base64,base64,rat99,rat,99,1,1663819295,False,inf,1211.0,1.0,5.100554188014939,Time limit exceeded,00bcda6012bc84d751ef44f53e6a45cac4cc75f9ae7b7061958512bd17c079da
303,base64,base64,rat99,rat,99,2,652451229,False,inf,1211.0,1.0,5.101641194080003,Time limit exceeded,00bcda6012bc84d751ef44f53e6a45cac4cc75f9ae7b7061958512bd17c079da
303,base64,base64,rat99,rat,99,3,3578270855,False,inf,1211.0,1.0,5.080774925998412,Time limit exceeded,00bcda6012bc84d751ef44f53e6a45cac4cc75f9ae7b7061958512bd17c079da
303,base64,base64,rat99,rat,99,4,2732665692,False,inf,1211.0,1.0,5.103943970985711,Time limit exceeded,00bcda6012bc84d751ef44f53e6a45cac4cc75f9ae7b7061958512bd17c079da
303,base64,base64,rd100,rd,100,0,3623295768,False,inf,7910.0,1.0,5.372752284980379,Time limit exceeded,00bcda6012bc84d751ef44f53e6a45cac4cc75f9ae7b7061958512bd17c079da
303,base64,base64,rd100,rd,100,1,2032321406,False,inf,7910.0,1.0,5.325303669087589,Time limit exceeded,00bcda6012bc84d751ef44f53e6a45cac4cc75f9ae7b7061958512bd17c079da
303,base64,base64,rd100,rd,100,2,1309912974,False,inf,7910.0,1.0,5.316480934037827,Time limit exceeded,00bcda6012bc84d751ef44f53e6a45cac4cc75f9ae7b7061958512bd17c079da
303,base64,base64,rd100,rd,100,3,2710180707,False,inf,7910.0,1.0,5.311821941053495,Time limit exceeded,00bcda6012bc84d751ef44f53e6a45cac4cc75f9ae7b7061958512bd17c079da
303,base64,base64,rd100,rd,100,4,590987311,False,inf,7910.0,1.0,5.256877811974846,Time limit exceeded,00bcda6012bc84d751ef44f53e6a45cac4cc75f9ae7b7061958512bd17c079da
303,base64,base64,st70,st,70,0,2361378128,True,1200.0,675.0,0.7777777777777778,3.7813753029331565,FEASIBLE,00bcda6012bc84d751ef44f53e6a45cac4cc75f9ae7b7061958512bd17c079da
303,base64,base64,st70,st,70,1,4197125842,True,947.0,675.0,0.40296296296296297,3.773570552933961,FEASIBLE,00bcda6012bc84d751ef44f53e6a45cac4cc75f9ae7b7061958512bd17c079da
303,base64,base64,st70,st,70,2,3538367808,True,1001.0,675.0,0.482962962962963,3.7729904749430716,FEASIBLE,00bcda6012bc84d751ef44f53e6a45cac4cc75f9ae7b7061958512bd17c079da
303,base64,base64,st70,st,70,3,2757890098,True,1088.0,675.0,0.6118518518518519,3.7456837960053235,FEASIBLE,00bcda6012bc84d751ef44f53e6a45cac4cc75f9ae7b7061958512bd17c079da
303,base64,base64,st70,st,70,4,3616653147,True,1378.0,675.0,1.0414814814814815,3.7327713950071484,FEASIBLE,00bcda6012bc84d751ef44f53e6a45cac4cc75f9ae7b7061958512bd17c079da
0,native_baseline,nearest_neighbor,berlin52,berlin,52,0,84646636,True,8181.0,7542.0,0.08472553699284009,0.0068788910284638405,FEASIBLE,
0,native_baseline,nearest_neighbor,berlin52,berlin,52,1,833916469,True,8181.0,7542.0,0.08472553699284009,0.00691156298853457,FEASIBLE,
0,native_baseline,nearest_neighbor,berlin52,berlin,52,2,4182789596,True,8181.0,7542.0,0.08472553699284009,0.0069602649891749024,FEASIBLE,
0,native_baseline,nearest_neighbor,berlin52,berlin,52,3,4047342455,True,8181.0,7542.0,0.08472553699284009,0.00677563005592674,FEASIBLE,
0,native_baseline,nearest_neighbor,berlin52,berlin,52,4,3965999901,True,8181.0,7542.0,0.08472553699284009,0.006888428004458547,FEASIBLE,
0,native_baseline,nearest_neighbor,eil51,eil,51,0,1177261515,True,482.0,426.0,0.13145539906103287,0.006293182028457522,FEASIBLE,
0,native_baseline,nearest_neighbor,eil51,eil,51,1,3189807829,True,482.0,426.0,0.13145539906103287,0.0062688949983567,FEASIBLE,
0,native_baseline,nearest_neighbor,eil51,eil,51,2,3231056368,True,482.0,426.0,0.13145539906103287,0.006367322988808155,FEASIBLE,
0,native_baseline,nearest_neighbor,eil51,eil,51,3,3604297774,True,482.0,426.0,0.13145539906103287,0.006363259977661073,FEASIBLE,
0,native_baseline,nearest_neighbor,eil51,eil,51,4,3428946029,True,482.0,426.0,0.13145539906103287,0.006308541051112115,FEASIBLE,
0,native_baseline,nearest_neighbor,eil76,eil,76,0,444334657,True,608.0,538.0,0.13011152416356878,0.01939428097102791,FEASIBLE,
0,native_baseline,nearest_neighbor,eil76,eil,76,1,1456907634,True,608.0,538.0,0.13011152416356878,0.01962307491339743,FEASIBLE,
0,native_baseline,nearest_neighbor,eil76,eil,76,2,3848601747,True,608.0,538.0,0.13011152416356878,0.01967968000099063,FEASIBLE,
0,native_baseline,nearest_neighbor,eil76,eil,76,3,3749935877,True,608.0,538.0,0.13011152416356878,0.019586435984820127,FEASIBLE,
0,native_baseline,nearest_neighbor,eil76,eil,76,4,2852837716,True,608.0,538.0,0.13011152416356878,0.019647938082925975,FEASIBLE,
0,native_baseline,nearest_neighbor,kroA100,kroa,100,0,3263098467,True,24698.0,21282.0,0.1605112301475425,0.046264620032161474,FEASIBLE,
0,native_baseline,nearest_neighbor,kroA100,kroa,100,1,3875677042,True,24698.0,21282.0,0.1605112301475425,0.0465744670946151,FEASIBLE,
0,native_baseline,nearest_neighbor,kroA100,kroa,100,2,2626711957,True,24698.0,21282.0,0.1605112301475425,0.04652637301478535,FEASIBLE,
0,native_baseline,nearest_neighbor,kroA100,kroa,100,3,97846414,True,24698.0,21282.0,0.1605112301475425,0.046462278929539025,FEASIBLE,
0,native_baseline,nearest_neighbor,kroA100,kroa,100,4,1268294753,True,24698.0,21282.0,0.1605112301475425,0.04648848599754274,FEASIBLE,
0,native_baseline,nearest_neighbor,kroB100,krob,100,0,4089404804,True,25884.0,22141.0,0.1690528883067612,0.046135153039358556,FEASIBLE,
0,native_baseline,nearest_neighbor,kroB100,krob,100,1,297345120,True,25884.0,22141.0,0.1690528883067612,0.046135632088407874,FEASIBLE,
0,native_baseline,nearest_neighbor,kroB100,krob,100,2,3298555162,True,25884.0,22141.0,0.1690528883067612,0.0462222860660404,FEASIBLE,
0,native_baseline,nearest_neighbor,kroB100,krob,100,3,2469634877,True,25884.0,22141.0,0.1690528883067612,0.04608305892907083,FEASIBLE,
0,native_baseline,nearest_neighbor,kroB100,krob,100,4,1820017459,True,25884.0,22141.0,0.1690528883067612,0.046574690961278975,FEASIBLE,
0,native_baseline,nearest_neighbor,kroC100,kroc,100,0,3998291307,True,23660.0,20749.0,0.14029591787556026,0.0460274750366807,FEASIBLE,
0,native_baseline,nearest_neighbor,kroC100,kroc,100,1,2215919088,True,23660.0,20749.0,0.14029591787556026,0.04636346502229571,FEASIBLE,
0,native_baseline,nearest_neighbor,kroC100,kroc,100,2,1517150918,True,23660.0,20749.0,0.14029591787556026,0.04624926100950688,FEASIBLE,
0,native_baseline,nearest_neighbor,kroC100,kroc,100,3,3167974742,True,23660.0,20749.0,0.14029591787556026,0.04657625895924866,FEASIBLE,
0,native_baseline,nearest_neighbor,kroC100,kroc,100,4,1909565575,True,23660.0,20749.0,0.14029591787556026,0.046764220925979316,FEASIBLE,
0,native_baseline,nearest_neighbor,kroD100,krod,100,0,3412197340,True,24852.0,21294.0,0.1670893209354748,0.04623809293843806,FEASIBLE,
0,native_baseline,nearest_neighbor,kroD100,krod,100,1,681559540,True,24852.0,21294.0,0.1670893209354748,0.045934358960948884,FEASIBLE,
0,native_baseline,nearest_neighbor,kroD100,krod,100,2,697640256,True,24852.0,21294.0,0.1670893209354748,0.046168815926648676,FEASIBLE,
0,native_baseline,nearest_neighbor,kroD100,krod,100,3,1508772727,True,24852.0,21294.0,0.1670893209354748,0.046160271973349154,FEASIBLE,
0,native_baseline,nearest_neighbor,kroD100,krod,100,4,2508341319,True,24852.0,21294.0,0.1670893209354748,0.04720747098326683,FEASIBLE,
0,native_baseline,nearest_neighbor,kroE100,kroe,100,0,3881681904,True,24782.0,22068.0,0.12298350552836687,0.047464936040341854,FEASIBLE,
0,native_baseline,nearest_neighbor,kroE100,kroe,100,1,886187585,True,24782.0,22068.0,0.12298350552836687,0.04618596704676747,FEASIBLE,
0,native_baseline,nearest_neighbor,kroE100,kroe,100,2,2413301600,True,24782.0,22068.0,0.12298350552836687,0.04611579293850809,FEASIBLE,
0,native_baseline,nearest_neighbor,kroE100,kroe,100,3,2684412833,True,24782.0,22068.0,0.12298350552836687,0.04619255906436592,FEASIBLE,
0,native_baseline,nearest_neighbor,kroE100,kroe,100,4,664125795,True,24782.0,22068.0,0.12298350552836687,0.04651856503915042,FEASIBLE,
0,native_baseline,nearest_neighbor,pr76,pr,76,0,3579982540,True,130921.0,108159.0,0.2104494309303895,0.019748702994547784,FEASIBLE,
0,native_baseline,nearest_neighbor,pr76,pr,76,1,2173121719,True,130921.0,108159.0,0.2104494309303895,0.020328172016888857,FEASIBLE,
0,native_baseline,nearest_neighbor,pr76,pr,76,2,1022404555,True,130921.0,108159.0,0.2104494309303895,0.01950573397334665,FEASIBLE,
0,native_baseline,nearest_neighbor,pr76,pr,76,3,1566149286,True,130921.0,108159.0,0.2104494309303895,0.02036938804667443,FEASIBLE,
0,native_baseline,nearest_neighbor,pr76,pr,76,4,1883533746,True,130921.0,108159.0,0.2104494309303895,0.020175312994979322,FEASIBLE,
0,native_baseline,nearest_neighbor,rat99,rat,99,0,1199921658,True,1437.0,1211.0,0.18662262592898432,0.04353296000044793,FEASIBLE,
0,native_baseline,nearest_neighbor,rat99,rat,99,1,947076894,True,1437.0,1211.0,0.18662262592898432,0.043177259038202465,FEASIBLE,
0,native_baseline,nearest_neighbor,rat99,rat,99,2,49413787,True,1437.0,1211.0,0.18662262592898432,0.04294363595545292,FEASIBLE,
0,native_baseline,nearest_neighbor,rat99,rat,99,3,353677274,True,1437.0,1211.0,0.18662262592898432,0.04326608998235315,FEASIBLE,
0,native_baseline,nearest_neighbor,rat99,rat,99,4,232211475,True,1437.0,1211.0,0.18662262592898432,0.04273400898091495,FEASIBLE,
0,native_baseline,nearest_neighbor,rd100,rd,100,0,1479651056,True,9423.0,7910.0,0.19127686472819216,0.046677440055646,FEASIBLE,
0,native_baseline,nearest_neighbor,rd100,rd,100,1,3682758096,True,9423.0,7910.0,0.19127686472819216,0.04688639298547059,FEASIBLE,
0,native_baseline,nearest_neighbor,rd100,rd,100,2,1273074216,True,9423.0,7910.0,0.19127686472819216,0.0467412139987573,FEASIBLE,
0,native_baseline,nearest_neighbor,rd100,rd,100,3,832272365,True,9423.0,7910.0,0.19127686472819216,0.04706462798640132,FEASIBLE,
0,native_baseline,nearest_neighbor,rd100,rd,100,4,2573941359,True,9423.0,7910.0,0.19127686472819216,0.046958262915723026,FEASIBLE,
0,native_baseline,nearest_neighbor,st70,st,70,0,3592467541,True,796.0,675.0,0.17925925925925926,0.015490946010686457,FEASIBLE,
0,native_baseline,nearest_neighbor,st70,st,70,1,3481458423,True,796.0,675.0,0.17925925925925926,0.015495553961955011,FEASIBLE,
0,native_baseline,nearest_neighbor,st70,st,70,2,1679134032,True,796.0,675.0,0.17925925925925926,0.01540752500295639,FEASIBLE,
0,native_baseline,nearest_neighbor,st70,st,70,3,1835907731,True,796.0,675.0,0.17925925925925926,0.015337414923124015,FEASIBLE,
0,native_baseline,nearest_neighbor,st70,st,70,4,221237321,True,796.0,675.0,0.17925925925925926,0.015523393056355417,FEASIBLE,
0,native_baseline,insertion,berlin52,berlin,52,0,3208940557,True,8615.0,7542.0,0.1422699549191196,0.0043513859855011106,FEASIBLE,
0,native_baseline,insertion,berlin52,berlin,52,1,2435451698,True,8615.0,7542.0,0.1422699549191196,0.004389593028463423,FEASIBLE,
0,native_baseline,insertion,berlin52,berlin,52,2,3018011189,True,8615.0,7542.0,0.1422699549191196,0.004359992919489741,FEASIBLE,
0,native_baseline,insertion,berlin52,berlin,52,3,3221257614,True,8615.0,7542.0,0.1422699549191196,0.004340570070780814,FEASIBLE,
0,native_baseline,insertion,berlin52,berlin,52,4,4262689947,True,8615.0,7542.0,0.1422699549191196,0.004409880028106272,FEASIBLE,
0,native_baseline,insertion,eil51,eil,51,0,354479963,True,479.0,426.0,0.12441314553990611,0.003596017020754516,FEASIBLE,
0,native_baseline,insertion,eil51,eil,51,1,1387039323,True,479.0,426.0,0.12441314553990611,0.0035996970254927874,FEASIBLE,
0,native_baseline,insertion,eil51,eil,51,2,3802089829,True,479.0,426.0,0.12441314553990611,0.0036514069652184844,FEASIBLE,
0,native_baseline,insertion,eil51,eil,51,3,3340019287,True,479.0,426.0,0.12441314553990611,0.003633263986557722,FEASIBLE,
0,native_baseline,insertion,eil51,eil,51,4,1162263961,True,479.0,426.0,0.12441314553990611,0.0036558230640366673,FEASIBLE,
0,native_baseline,insertion,eil76,eil,76,0,2145223840,True,596.0,538.0,0.10780669144981413,0.011894032941199839,FEASIBLE,
0,native_baseline,insertion,eil76,eil,76,1,1893150435,True,596.0,538.0,0.10780669144981413,0.011753845028579235,FEASIBLE,
0,native_baseline,insertion,eil76,eil,76,2,2588631955,True,596.0,538.0,0.10780669144981413,0.011796948034316301,FEASIBLE,
0,native_baseline,insertion,eil76,eil,76,3,2283866588,True,596.0,538.0,0.10780669144981413,0.012621914967894554,FEASIBLE,
0,native_baseline,insertion,eil76,eil,76,4,3632961972,True,596.0,538.0,0.10780669144981413,0.011855058022774756,FEASIBLE,
0,native_baseline,insertion,kroA100,kroa,100,0,1081456485,True,24296.0,21282.0,0.14162202800488677,0.0313890470424667,FEASIBLE,
0,native_baseline,insertion,kroA100,kroa,100,1,3912837272,True,24296.0,21282.0,0.14162202800488677,0.03141794295515865,FEASIBLE,
0,native_baseline,insertion,kroA100,kroa,100,2,3121032383,True,24296.0,21282.0,0.14162202800488677,0.03127961000427604,FEASIBLE,
0,native_baseline,insertion,kroA100,kroa,100,3,3340247747,True,24296.0,21282.0,0.14162202800488677,0.03160260897129774,FEASIBLE,
0,native_baseline,insertion,kroA100,kroa,100,4,3471054471,True,24296.0,21282.0,0.14162202800488677,0.031224315986037254,FEASIBLE,
0,native_baseline,insertion,kroB100,krob,100,0,3068334256,True,25982.0,22141.0,0.1734790659861795,0.03121221996843815,FEASIBLE,
0,native_baseline,insertion,kroB100,krob,100,1,1794492663,True,25982.0,22141.0,0.1734790659861795,0.031063969945535064,FEASIBLE,
0,native_baseline,insertion,kroB100,krob,100,2,2507327846,True,25982.0,22141.0,0.1734790659861795,0.03172177297528833,FEASIBLE,
0,native_baseline,insertion,kroB100,krob,100,3,3873762525,True,25982.0,22141.0,0.1734790659861795,0.03145010198932141,FEASIBLE,
0,native_baseline,insertion,kroB100,krob,100,4,1232278959,True,25982.0,22141.0,0.1734790659861795,0.03198426100425422,FEASIBLE,
0,native_baseline,insertion,kroC100,kroc,100,0,95930169,True,24708.0,20749.0,0.19080437611451154,0.03129528998397291,FEASIBLE,
0,native_baseline,insertion,kroC100,kroc,100,1,2347150856,True,24708.0,20749.0,0.19080437611451154,0.031934311031363904,FEASIBLE,
0,native_baseline,insertion,kroC100,kroc,100,2,2369996593,True,24708.0,20749.0,0.19080437611451154,0.031224093050695956,FEASIBLE,
0,native_baseline,insertion,kroC100,kroc,100,3,3344328617,True,24708.0,20749.0,0.19080437611451154,0.0321165140485391,FEASIBLE,
0,native_baseline,insertion,kroC100,kroc,100,4,1562537464,True,24708.0,20749.0,0.19080437611451154,0.03117721399758011,FEASIBLE,
0,native_baseline,insertion,kroD100,krod,100,0,3167104925,True,25006.0,21294.0,0.17432140509063587,0.03192698291968554,FEASIBLE,
0,native_baseline,insertion,kroD100,krod,100,1,4020496646,True,25006.0,21294.0,0.17432140509063587,0.0318287139525637,FEASIBLE,
0,native_baseline,insertion,kroD100,krod,100,2,3962915784,True,25006.0,21294.0,0.17432140509063587,0.032299355953000486,FEASIBLE,
0,native_baseline,insertion,kroD100,krod,100,3,3404886338,True,25006.0,21294.0,0.17432140509063587,0.03152584400959313,FEASIBLE,
0,native_baseline,insertion,kroD100,krod,100,4,2183085178,True,25006.0,21294.0,0.17432140509063587,0.031428182031959295,FEASIBLE,
0,native_baseline,insertion,kroE100,kroe,100,0,1201106939,True,24032.0,22068.0,0.08899764364690955,0.03128997900057584,FEASIBLE,
0,native_baseline,insertion,kroE100,kroe,100,1,2073493906,True,24032.0,22068.0,0.08899764364690955,0.03150766796898097,FEASIBLE,
0,native_baseline,insertion,kroE100,kroe,100,2,810592124,True,24032.0,22068.0,0.08899764364690955,0.031300825998187065,FEASIBLE,
0,native_baseline,insertion,kroE100,kroe,100,3,3076900727,True,24032.0,22068.0,0.08899764364690955,0.031694061937741935,FEASIBLE,
0,native_baseline,insertion,kroE100,kroe,100,4,96386675,True,24032.0,22068.0,0.08899764364690955,0.031117150909267366,FEASIBLE,
0,native_baseline,insertion,pr76,pr,76,0,483655198,True,117323.0,108159.0,0.08472711471074991,0.0135818209964782,FEASIBLE,
0,native_baseline,insertion,pr76,pr,76,1,3695356002,True,117323.0,108159.0,0.08472711471074991,0.013370596105232835,FEASIBLE,
0,native_baseline,insertion,pr76,pr,76,2,2745219670,True,117323.0,108159.0,0.08472711471074991,0.01320493605453521,FEASIBLE,
0,native_baseline,insertion,pr76,pr,76,3,884205910,True,117323.0,108159.0,0.08472711471074991,0.013376226997934282,FEASIBLE,
0,native_baseline,insertion,pr76,pr,76,4,779667177,True,117323.0,108159.0,0.08472711471074991,0.013558269944041967,FEASIBLE,
0,native_baseline,insertion,rat99,rat,99,0,236514081,True,1377.0,1211.0,0.1370767960363336,0.026579819037579,FEASIBLE,
0,native_baseline,insertion,rat99,rat,99,1,1213511739,True,1377.0,1211.0,0.1370767960363336,0.026452047983184457,FEASIBLE,
0,native_baseline,insertion,rat99,rat,99,2,3361972992,True,1377.0,1211.0,0.1370767960363336,0.026621066965162754,FEASIBLE,
0,native_baseline,insertion,rat99,rat,99,3,920913073,True,1377.0,1211.0,0.1370767960363336,0.026533453026786447,FEASIBLE,
0,native_baseline,insertion,rat99,rat,99,4,1796724882,True,1377.0,1211.0,0.1370767960363336,0.02680829295422882,FEASIBLE,
0,native_baseline,insertion,rd100,rd,100,0,3650626738,True,8902.0,7910.0,0.12541087231352718,0.030766858952119946,FEASIBLE,
0,native_baseline,insertion,rd100,rd,100,1,1109882520,True,8902.0,7910.0,0.12541087231352718,0.030644334037788212,FEASIBLE,
0,native_baseline,insertion,rd100,rd,100,2,234145930,True,8902.0,7910.0,0.12541087231352718,0.030650414992123842,FEASIBLE,
0,native_baseline,insertion,rd100,rd,100,3,4116496304,True,8902.0,7910.0,0.12541087231352718,0.03054225805681199,FEASIBLE,
0,native_baseline,insertion,rd100,rd,100,4,1748731845,True,8902.0,7910.0,0.12541087231352718,0.030911750975064933,FEASIBLE,
0,native_baseline,insertion,st70,st,70,0,2247716056,True,771.0,675.0,0.14222222222222222,0.009424092946574092,FEASIBLE,
0,native_baseline,insertion,st70,st,70,1,1915317752,True,771.0,675.0,0.14222222222222222,0.009253761963918805,FEASIBLE,
0,native_baseline,insertion,st70,st,70,2,1534759931,True,771.0,675.0,0.14222222222222222,0.009199300897307694,FEASIBLE,
0,native_baseline,insertion,st70,st,70,3,3367762676,True,771.0,675.0,0.14222222222222222,0.009236642974428833,FEASIBLE,
0,native_baseline,insertion,st70,st,70,4,361354277,True,771.0,675.0,0.14222222222222222,0.009231075993739069,FEASIBLE,
0,native_baseline,two_opt,berlin52,berlin,52,0,3743996586,True,7618.0,7542.0,0.01007690267833466,0.3017753619933501,FEASIBLE,
0,native_baseline,two_opt,berlin52,berlin,52,1,842181195,True,7711.0,7542.0,0.022407849376823125,0.290132776950486,FEASIBLE,
0,native_baseline,two_opt,berlin52,berlin,52,2,3307032273,True,7709.0,7542.0,0.022142667727393265,0.29492158896755427,FEASIBLE,
0,native_baseline,two_opt,berlin52,berlin,52,3,317010284,True,7596.0,7542.0,0.007159904534606206,0.2915071670431644,FEASIBLE,
0,native_baseline,two_opt,berlin52,berlin,52,4,3094787238,True,7700.0,7542.0,0.020949350304958897,0.2914656000211835,FEASIBLE,
0,native_baseline,two_opt,eil51,eil,51,0,1370392731,True,434.0,426.0,0.018779342723004695,0.20799127907957882,FEASIBLE,
0,native_baseline,two_opt,eil51,eil,51,1,1092856974,True,434.0,426.0,0.018779342723004695,0.21132439200300723,FEASIBLE,
0,native_baseline,two_opt,eil51,eil,51,2,2989411214,True,434.0,426.0,0.018779342723004695,0.21216689399443567,FEASIBLE,
0,native_baseline,two_opt,eil51,eil,51,3,2448464716,True,434.0,426.0,0.018779342723004695,0.20656761096324772,FEASIBLE,
0,native_baseline,two_opt,eil51,eil,51,4,2275459435,True,433.0,426.0,0.01643192488262911,0.20716311293654144,FEASIBLE,
0,native_baseline,two_opt,eil76,eil,76,0,2779074313,True,554.0,538.0,0.02973977695167286,0.7249423059402034,FEASIBLE,
0,native_baseline,two_opt,eil76,eil,76,1,3380476384,True,554.0,538.0,0.02973977695167286,0.7368568499805406,FEASIBLE,
0,native_baseline,two_opt,eil76,eil,76,2,3548662655,True,554.0,538.0,0.02973977695167286,0.7207927049603313,FEASIBLE,
0,native_baseline,two_opt,eil76,eil,76,3,285238321,True,554.0,538.0,0.02973977695167286,0.7100373250432312,FEASIBLE,
0,native_baseline,two_opt,eil76,eil,76,4,3646237785,True,554.0,538.0,0.02973977695167286,0.7171993769006804,FEASIBLE,
0,native_baseline,two_opt,kroA100,kroa,100,0,212986315,True,21389.0,21282.0,0.005027722958368575,2.4442156300647184,FEASIBLE,
0,native_baseline,two_opt,kroA100,kroa,100,1,2258499007,True,21389.0,21282.0,0.005027722958368575,2.4282690819818527,FEASIBLE,
0,native_baseline,two_opt,kroA100,kroa,100,2,3083203603,True,21389.0,21282.0,0.005027722958368575,2.4212524669710547,FEASIBLE,
0,native_baseline,two_opt,kroA100,kroa,100,3,587785411,True,21389.0,21282.0,0.005027722958368575,2.3962966919643804,FEASIBLE,
0,native_baseline,two_opt,kroA100,kroa,100,4,3410471176,True,21389.0,21282.0,0.005027722958368575,2.433694993960671,FEASIBLE,
0,native_baseline,two_opt,kroB100,krob,100,0,2156046713,True,22567.0,22141.0,0.019240323381961067,2.3863383119460195,FEASIBLE,
0,native_baseline,two_opt,kroB100,krob,100,1,1190851193,True,22396.0,22141.0,0.011517094982159795,2.377539351931773,FEASIBLE,
0,native_baseline,two_opt,kroB100,krob,100,2,802095576,True,22593.0,22141.0,0.020414615419357754,2.3884813810000196,FEASIBLE,
0,native_baseline,two_opt,kroB100,krob,100,3,1349503710,True,22637.0,22141.0,0.022401878867259833,2.4023943920619786,FEASIBLE,
0,native_baseline,two_opt,kroB100,krob,100,4,2547431207,True,22628.0,22141.0,0.021995393162007135,2.420995354070328,FEASIBLE,
0,native_baseline,two_opt,kroC100,kroc,100,0,1055919947,True,21232.0,20749.0,0.02327823027615789,2.441107118036598,FEASIBLE,
0,native_baseline,two_opt,kroC100,kroc,100,1,1685693957,True,21232.0,20749.0,0.02327823027615789,2.4505116270156577,FEASIBLE,
0,native_baseline,two_opt,kroC100,kroc,100,2,4097823628,True,21232.0,20749.0,0.02327823027615789,2.404100867919624,FEASIBLE,
0,native_baseline,two_opt,kroC100,kroc,100,3,2900354432,True,21232.0,20749.0,0.02327823027615789,2.400659278035164,FEASIBLE,
0,native_baseline,two_opt,kroC100,kroc,100,4,3548831281,True,20913.0,20749.0,0.007903995373271001,2.435317505034618,FEASIBLE,
0,native_baseline,two_opt,kroD100,krod,100,0,1766060125,True,21916.0,21294.0,0.029210106133183058,2.381430943030864,FEASIBLE,
0,native_baseline,two_opt,kroD100,krod,100,1,1723898385,True,21439.0,21294.0,0.006809429886352963,2.4199957699747756,FEASIBLE,
0,native_baseline,two_opt,kroD100,krod,100,2,3035462220,True,21805.0,21294.0,0.023997370151216304,2.3901925929822028,FEASIBLE,
0,native_baseline,two_opt,kroD100,krod,100,3,2034147685,True,21719.0,21294.0,0.019958673804827652,2.3715130740310997,FEASIBLE,
0,native_baseline,two_opt,kroD100,krod,100,4,2595403653,True,21601.0,21294.0,0.014417206724899033,2.3658599999034777,FEASIBLE,
0,native_baseline,two_opt,kroE100,kroe,100,0,3421115664,True,22466.0,22068.0,0.01803516403842668,2.3774720899527892,FEASIBLE,
0,native_baseline,two_opt,kroE100,kroe,100,1,2898240576,True,22287.0,22068.0,0.009923871669385536,2.3584976670099422,FEASIBLE,
0,native_baseline,two_opt,kroE100,kroe,100,2,715224687,True,22466.0,22068.0,0.01803516403842668,2.375474392087199,FEASIBLE,
0,native_baseline,two_opt,kroE100,kroe,100,3,3435214750,True,22466.0,22068.0,0.01803516403842668,2.382093929918483,FEASIBLE,
0,native_baseline,two_opt,kroE100,kroe,100,4,3069994450,True,22466.0,22068.0,0.01803516403842668,2.38118480599951,FEASIBLE,
0,native_baseline,two_opt,pr76,pr,76,0,1333222169,True,109166.0,108159.0,0.009310367144666648,0.9797813559416682,FEASIBLE,
0,native_baseline,two_opt,pr76,pr,76,1,2755944448,True,109562.0,108159.0,0.012971643598775876,0.9566723089665174,FEASIBLE,
0,native_baseline,two_opt,pr76,pr,76,2,3286344318,True,108843.0,108159.0,0.006324022966188667,0.9759972469182685,FEASIBLE,
0,native_baseline,two_opt,pr76,pr,76,3,2073211400,True,109702.0,108159.0,0.014266034264370047,0.952959334012121,FEASIBLE,
0,native_baseline,two_opt,pr76,pr,76,4,3310434821,True,108304.0,108159.0,0.0013406189036511062,0.9806475690566003,FEASIBLE,
0,native_baseline,two_opt,rat99,rat,99,0,80073753,True,1259.0,1211.0,0.03963666391412056,1.864651525975205,FEASIBLE,
0,native_baseline,two_opt,rat99,rat,99,1,2460218883,True,1250.0,1211.0,0.03220478943022296,1.8395055189030245,FEASIBLE,
0,native_baseline,two_opt,rat99,rat,99,2,3627449569,True,1259.0,1211.0,0.03963666391412056,1.827312869951129,FEASIBLE,
0,native_baseline,two_opt,rat99,rat,99,3,4144856828,True,1259.0,1211.0,0.03963666391412056,1.814561745035462,FEASIBLE,
0,native_baseline,two_opt,rat99,rat,99,4,2940382783,True,1259.0,1211.0,0.03963666391412056,1.833510376047343,FEASIBLE,
0,native_baseline,two_opt,rd100,rd,100,0,966351187,True,8171.0,7910.0,0.03299620733249052,2.3909060430014506,FEASIBLE,
0,native_baseline,two_opt,rd100,rd,100,1,966008061,True,8135.0,7910.0,0.028445006321112517,2.360047506983392,FEASIBLE,
0,native_baseline,two_opt,rd100,rd,100,2,2805134390,True,8079.0,7910.0,0.021365360303413402,2.3450221789535135,FEASIBLE,
0,native_baseline,two_opt,rd100,rd,100,3,1758455291,True,8009.0,7910.0,0.012515802781289507,2.3601002090144902,FEASIBLE,
0,native_baseline,two_opt,rd100,rd,100,4,4079954749,True,8133.0,7910.0,0.028192161820480406,2.347372697899118,FEASIBLE,
0,native_baseline,two_opt,st70,st,70,0,3080388910,True,683.0,675.0,0.011851851851851851,0.6100470339879394,FEASIBLE,
0,native_baseline,two_opt,st70,st,70,1,2635305303,True,683.0,675.0,0.011851851851851851,0.6150005139643326,FEASIBLE,
0,native_baseline,two_opt,st70,st,70,2,4137267455,True,680.0,675.0,0.007407407407407408,0.615430835983716,FEASIBLE,
0,native_baseline,two_opt,st70,st,70,3,1825335066,True,681.0,675.0,0.008888888888888889,0.6146255490602925,FEASIBLE,
0,native_baseline,two_opt,st70,st,70,4,2232972283,True,689.0,675.0,0.02074074074074074,0.6141158370301127,FEASIBLE,
0,native_baseline,ortools_single_worker,berlin52,berlin,52,0,2477911497,True,7542.0,7542.0,0.0,5.1106285330606624,FEASIBLE,
0,native_baseline,ortools_single_worker,berlin52,berlin,52,1,3353899786,True,7542.0,7542.0,0.0,5.079154654988088,FEASIBLE,
0,native_baseline,ortools_single_worker,berlin52,berlin,52,2,3123767332,True,7542.0,7542.0,0.0,5.074542798101902,FEASIBLE,
0,native_baseline,ortools_single_worker,berlin52,berlin,52,3,354722633,True,7542.0,7542.0,0.0,5.082260448019952,FEASIBLE,
0,native_baseline,ortools_single_worker,berlin52,berlin,52,4,23508618,True,7542.0,7542.0,0.0,5.0779751730151474,FEASIBLE,
0,native_baseline,ortools_single_worker,eil51,eil,51,0,2538479704,True,426.0,426.0,0.0,5.088260486954823,FEASIBLE,
0,native_baseline,ortools_single_worker,eil51,eil,51,1,811726730,True,426.0,426.0,0.0,5.102768231998198,FEASIBLE,
0,native_baseline,ortools_single_worker,eil51,eil,51,2,2442478958,True,426.0,426.0,0.0,5.097746945917606,FEASIBLE,
0,native_baseline,ortools_single_worker,eil51,eil,51,3,623261925,True,426.0,426.0,0.0,5.101850370992906,FEASIBLE,
0,native_baseline,ortools_single_worker,eil51,eil,51,4,3316533711,True,426.0,426.0,0.0,5.109876908012666,FEASIBLE,
0,native_baseline,ortools_single_worker,eil76,eil,76,0,1124260193,True,539.0,538.0,0.0018587360594795538,5.11337023996748,FEASIBLE,
0,native_baseline,ortools_single_worker,eil76,eil,76,1,2931793111,True,539.0,538.0,0.0018587360594795538,5.100010587950237,FEASIBLE,
0,native_baseline,ortools_single_worker,eil76,eil,76,2,2531009191,True,539.0,538.0,0.0018587360594795538,5.089888308895752,FEASIBLE,
0,native_baseline,ortools_single_worker,eil76,eil,76,3,257514187,True,539.0,538.0,0.0018587360594795538,5.106495700078085,FEASIBLE,
0,native_baseline,ortools_single_worker,eil76,eil,76,4,2469976597,True,539.0,538.0,0.0018587360594795538,5.231625439948402,FEASIBLE,
0,native_baseline,ortools_single_worker,kroA100,kroa,100,0,3098614994,True,21282.0,21282.0,0.0,5.226260070106946,FEASIBLE,
0,native_baseline,ortools_single_worker,kroA100,kroa,100,1,4036528486,True,21282.0,21282.0,0.0,5.184694311930798,FEASIBLE,
0,native_baseline,ortools_single_worker,kroA100,kroa,100,2,3757790062,True,21282.0,21282.0,0.0,5.180692291003652,FEASIBLE,
0,native_baseline,ortools_single_worker,kroA100,kroa,100,3,339163521,True,21282.0,21282.0,0.0,5.1556410320336,FEASIBLE,
0,native_baseline,ortools_single_worker,kroA100,kroa,100,4,3221267546,True,21282.0,21282.0,0.0,5.107379993074574,FEASIBLE,
0,native_baseline,ortools_single_worker,kroB100,krob,100,0,3027302559,True,22199.0,22141.0,0.0026195745449618356,5.139168357010931,FEASIBLE,
0,native_baseline,ortools_single_worker,kroB100,krob,100,1,3089772764,True,22199.0,22141.0,0.0026195745449618356,5.124232369009405,FEASIBLE,
0,native_baseline,ortools_single_worker,kroB100,krob,100,2,3435782714,True,22199.0,22141.0,0.0026195745449618356,5.10865838592872,FEASIBLE,
0,native_baseline,ortools_single_worker,kroB100,krob,100,3,398281958,True,22199.0,22141.0,0.0026195745449618356,5.095163697027601,FEASIBLE,
0,native_baseline,ortools_single_worker,kroB100,krob,100,4,2858927460,True,22199.0,22141.0,0.0026195745449618356,5.1082534060114995,FEASIBLE,
0,native_baseline,ortools_single_worker,kroC100,kroc,100,0,1418228236,True,21010.0,20749.0,0.01257891946599836,5.123906106920913,FEASIBLE,
0,native_baseline,ortools_single_worker,kroC100,kroc,100,1,3522964454,True,21010.0,20749.0,0.01257891946599836,5.10947144892998,FEASIBLE,
0,native_baseline,ortools_single_worker,kroC100,kroc,100,2,1877380926,True,21010.0,20749.0,0.01257891946599836,5.104684332967736,FEASIBLE,
0,native_baseline,ortools_single_worker,kroC100,kroc,100,3,3673697492,True,21010.0,20749.0,0.01257891946599836,5.106552210985683,FEASIBLE,
0,native_baseline,ortools_single_worker,kroC100,kroc,100,4,1789546436,True,21010.0,20749.0,0.01257891946599836,5.090097453910857,FEASIBLE,
0,native_baseline,ortools_single_worker,kroD100,krod,100,0,3086023322,True,21732.0,21294.0,0.02056917441532826,5.10326946398709,FEASIBLE,
0,native_baseline,ortools_single_worker,kroD100,krod,100,1,3192507950,True,21732.0,21294.0,0.02056917441532826,5.0924754600273445,FEASIBLE,
0,native_baseline,ortools_single_worker,kroD100,krod,100,2,945259290,True,21732.0,21294.0,0.02056917441532826,5.090680859982967,FEASIBLE,
0,native_baseline,ortools_single_worker,kroD100,krod,100,3,4030773689,True,21732.0,21294.0,0.02056917441532826,5.1000363799976185,FEASIBLE,
0,native_baseline,ortools_single_worker,kroD100,krod,100,4,2396650848,True,21732.0,21294.0,0.02056917441532826,5.103755080024712,FEASIBLE,
0,native_baseline,ortools_single_worker,kroE100,kroe,100,0,1983886608,True,22421.0,22068.0,0.015996012325539242,5.092758108046837,FEASIBLE,
0,native_baseline,ortools_single_worker,kroE100,kroe,100,1,2834490777,True,22421.0,22068.0,0.015996012325539242,5.188575248001143,FEASIBLE,
0,native_baseline,ortools_single_worker,kroE100,kroe,100,2,3102266539,True,22421.0,22068.0,0.015996012325539242,5.166132356971502,FEASIBLE,
0,native_baseline,ortools_single_worker,kroE100,kroe,100,3,1497780640,True,22421.0,22068.0,0.015996012325539242,5.189470228040591,FEASIBLE,
0,native_baseline,ortools_single_worker,kroE100,kroe,100,4,570637001,True,22421.0,22068.0,0.015996012325539242,5.118538783979602,FEASIBLE,
0,native_baseline,ortools_single_worker,pr76,pr,76,0,914032538,True,109043.0,108159.0,0.008173152488466055,5.116300550056621,FEASIBLE,
0,native_baseline,ortools_single_worker,pr76,pr,76,1,1933072211,True,109043.0,108159.0,0.008173152488466055,5.110980553901754,FEASIBLE,
0,native_baseline,ortools_single_worker,pr76,pr,76,2,991745419,True,109043.0,108159.0,0.008173152488466055,5.106570033007301,FEASIBLE,
0,native_baseline,ortools_single_worker,pr76,pr,76,3,380170171,True,109043.0,108159.0,0.008173152488466055,5.110512983985245,FEASIBLE,
0,native_baseline,ortools_single_worker,pr76,pr,76,4,1366625699,True,109043.0,108159.0,0.008173152488466055,5.134078177972697,FEASIBLE,
0,native_baseline,ortools_single_worker,rat99,rat,99,0,3092269840,True,1251.0,1211.0,0.03303055326176713,5.172670427011326,FEASIBLE,
0,native_baseline,ortools_single_worker,rat99,rat,99,1,3590729356,True,1251.0,1211.0,0.03303055326176713,5.117728730081581,FEASIBLE,
0,native_baseline,ortools_single_worker,rat99,rat,99,2,3831283930,True,1251.0,1211.0,0.03303055326176713,5.111112103099003,FEASIBLE,
0,native_baseline,ortools_single_worker,rat99,rat,99,3,2296791795,True,1251.0,1211.0,0.03303055326176713,5.1101185319712386,FEASIBLE,
0,native_baseline,ortools_single_worker,rat99,rat,99,4,3460486603,True,1251.0,1211.0,0.03303055326176713,5.108556596911512,FEASIBLE,
0,native_baseline,ortools_single_worker,rd100,rd,100,0,2144009334,True,8058.0,7910.0,0.018710493046776234,5.103383955894969,FEASIBLE,
0,native_baseline,ortools_single_worker,rd100,rd,100,1,3527984259,True,8058.0,7910.0,0.018710493046776234,5.082739057019353,FEASIBLE,
0,native_baseline,ortools_single_worker,rd100,rd,100,2,2264568377,True,8058.0,7910.0,0.018710493046776234,5.100606282008812,FEASIBLE,
0,native_baseline,ortools_single_worker,rd100,rd,100,3,3289117363,True,8058.0,7910.0,0.018710493046776234,5.078701582038775,FEASIBLE,
0,native_baseline,ortools_single_worker,rd100,rd,100,4,3831796433,True,8058.0,7910.0,0.018710493046776234,5.077640558942221,FEASIBLE,
0,native_baseline,ortools_single_worker,st70,st,70,0,3261990726,True,675.0,675.0,0.0,5.078193949069828,FEASIBLE,
0,native_baseline,ortools_single_worker,st70,st,70,1,3004684631,True,675.0,675.0,0.0,5.077448980999179,FEASIBLE,
0,native_baseline,ortools_single_worker,st70,st,70,2,409643012,True,675.0,675.0,0.0,5.0784527900395915,FEASIBLE,
0,native_baseline,ortools_single_worker,st70,st,70,3,1156980999,True,675.0,675.0,0.0,5.078749548061751,FEASIBLE,
0,native_baseline,ortools_single_worker,st70,st,70,4,1109592097,True,675.0,675.0,0.0,5.071963677997701,FEASIBLE,
