Method,Seed,Rows,FeasibleBenchmarkRows,ProvedInfeasibleRows,PassRateFeasibleBenchmark,PassRateAllRows,CertifiedOptimalRows,CertifiedOptimalGapMean,CertifiedOptimalGapLowerMean,CertifiedOptimalGapUpperMean,CertifiedOptimalReferenceIntervalMean,CertifiedOptimalReferenceIntervalMax,CertifiedOptimalReferenceRelativeIntervalMax,CertifiedOptimumAttainmentRate,UnresolvedFeasibleRows,UnresolvedGapLowerMean,UnresolvedGapUpperMean,AllFeasibleGapLowerMean,AllFeasibleGapUpperMean,FalseFeasibleOnProvedInfeasible
Adaptive Repair (64 completions),101,894,878,16,0.5182232346241458,0.5089485458612976,847,0.5228319048586543,0.5228319048586543,0.5228319878068322,6.387982833581801e-06,6.564002089248788e-05,1.2148654364947388e-06,0.13695395513577333,31,0.5287694190183833,0.8609461702764902,0.5230415437412871,0.5347699600808179,0
Adaptive Repair (64 completions),202,903,883,20,0.4178935447338618,0.40863787375415284,859,0.7651756879221605,0.7651756879221605,0.7651757178250668,6.167376146125832e-06,8.726056470464982e-05,1.5188176001531017e-06,0.06053550640279395,24,0.8517526303726605,0.9527173917738638,0.7675288551008831,0.7702731132664836,0
Adaptive Repair (64 completions),303,875,860,15,0.5209302325581395,0.512,831,0.5799309680591219,0.5799309680591219,0.5799310554625248,7.089908126336566e-06,6.11245715589348e-05,1.1405598291502637e-06,0.14560770156438027,29,0.3945852887888826,0.8230447997510284,0.5736809393395441,0.5881290770722534,0
Base (Best-of-64),101,894,878,16,0.8462414578587699,0.831096196868009,847,0.33304531239327073,0.33304531239327073,0.3330454077119214,6.387982833581801e-06,6.564002089248788e-05,1.2148654364947388e-06,0.28807556080283353,31,0.3483157874362302,0.8350726001881106,0.33358447495173515,0.3507707413870488,0
Base (Best-of-64),202,903,883,20,0.8595696489241224,0.840531561461794,859,0.32614650555269453,0.32614650555269453,0.32614659612703556,6.167376146125832e-06,8.726056470464982e-05,1.5188176001531017e-06,0.28987194412107103,24,0.24835439904783785,0.8349879092391425,0.32403211081190564,0.3399769375932763,0
Base (Best-of-64),303,875,860,15,0.8767441860465116,0.8617142857142858,831,0.29445020054342796,0.29445020054342796,0.2944503129259665,7.089908126336566e-06,6.11245715589348e-05,1.1405598291502637e-06,0.3212996389891697,29,0.28842360359173347,0.7964634772738483,0.2942469780880801,0.31137866381676715,0
BnB,101,894,878,16,0.9874715261958997,0.9697986577181208,847,0.18383077407662257,0.18383077407662257,0.183830847003611,6.387982833581801e-06,6.564002089248788e-05,1.2148654364947388e-06,0.538370720188902,31,0.6484513253136227,0.8794505485484639,0.2002353721271317,0.20839145150006932,0
BnB,202,903,883,20,0.9886749716874292,0.9667774086378738,859,0.16187312015624644,0.16187312015624644,0.1618731987676161,6.167376146125832e-06,8.726056470464982e-05,1.5188176001531017e-06,0.5750873108265425,24,0.7697545801926301,0.9333055035060732,0.17839537954568382,0.18284078122936348,0
BnB,303,875,860,15,0.9906976744186047,0.9737142857142858,831,0.1885036870587049,0.1885036870587049,0.18850377457450213,7.089908126336566e-06,6.11245715589348e-05,1.1405598291502637e-06,0.542719614921781,29,0.666706155827012,0.870060499522025,0.20462911914507806,0.2114865013459884,0
CP-SAT,101,894,878,16,1.0,0.9821029082774049,847,1.0560237094890552e-17,1.0560237094890552e-17,1.0456270119090772e-07,6.387982833581801e-06,6.564002089248788e-05,1.2148654364947388e-06,1.0,31,0.0023984448450532687,0.7555650563347774,8.468313234243768e-05,0.026677227005678823,0
CP-SAT,202,903,883,20,1.0,0.9778516057585825,859,9.31741757261123e-18,9.31741757261123e-18,9.926505718405531e-08,6.167376146125832e-06,8.726056470464982e-05,1.5188176001531017e-06,1.0,24,0.005073195858575319,0.7845446288731796,0.00013788980816060664,0.02132407288974001,0
CP-SAT,303,875,860,15,1.0,0.9828571428571429,831,7.123475530178887e-18,7.123475530178887e-18,1.2048883738190964e-07,7.089908126336566e-06,6.11245715589348e-05,1.1405598291502637e-06,1.0,29,0.003283489648255472,0.7274979719750327,0.00011072232534815651,0.024532024783139324,0
"Certified Universal Search (191,699 pool)",101,894,878,16,0.9874715261958997,0.9697986577181208,847,0.1356393162103436,0.1356393162103436,0.1356394127290429,6.387982833581801e-06,6.564002089248788e-05,1.2148654364947388e-06,0.07201889020070838,31,0.26544660677421444,0.8179322113555086,0.1402224893395919,0.15972947737302973,0
"Certified Universal Search (191,699 pool)",202,903,883,20,0.9479048697621744,0.9269102990033222,859,0.16744699254429105,0.16744699254429105,0.16744707967932984,6.167376146125832e-06,8.726056470464982e-05,1.5188176001531017e-06,0.08032596041909197,24,0.3557781998524185,0.8751323306949615,0.1725658475560635,0.18668201288926772,0
"Certified Universal Search (191,699 pool)",303,875,860,15,0.9848837209302326,0.968,831,0.24133576285015518,0.24133576285015518,0.24133587999602657,7.089908126336566e-06,6.11245715589348e-05,1.1405598291502637e-06,0.04091456077015644,29,0.5266027595637497,0.8584704139442524,0.25095523134398573,0.26214623055939695,0
Frozen Hero,101,894,878,16,0.9749430523917996,0.9574944071588367,847,0.04841826666491555,0.04841826666491555,0.04841836921169582,6.387982833581801e-06,6.564002089248788e-05,1.2148654364947388e-06,0.6103896103896104,31,0.3189928807371471,0.8178547385630996,0.057971584473844,0.07558525696783878,0
Frozen Hero,202,903,883,20,0.9796149490373726,0.9579180509413068,859,0.06354628593616553,0.06354628593616553,0.06354638225132678,6.167376146125832e-06,8.726056470464982e-05,1.5188176001531017e-06,0.46565774155995343,24,0.05517542423359869,0.7942501201502011,0.06331876534628827,0.0834069594988613,0
Frozen Hero,303,875,860,15,0.9755813953488373,0.9588571428571429,831,0.04631044620790892,0.04631044620790892,0.04631056209568566,7.089908126336566e-06,6.11245715589348e-05,1.1405598291502637e-06,0.5391095066185319,29,0.0952769743311692,0.7544573887676002,0.047961643086483964,0.07018993183229673,0
Greedy,101,894,878,16,0.9988610478359908,0.9809843400447428,847,0.2544838455974903,0.2544838455974903,0.25448392427743777,6.387982833581801e-06,6.564002089248788e-05,1.2148654364947388e-06,0.2077922077922078,31,0.03376564482099181,0.7699937291579549,0.24669083395276198,0.2726852955203717,0
Greedy,202,903,883,20,1.0,0.9778516057585825,859,0.25545509997100596,0.25545509997100596,0.25545517682899566,6.167376146125832e-06,8.726056470464982e-05,1.5188176001531017e-06,0.23282887077997672,24,0.04326037550592623,0.7980218727849776,0.2496876329413775,0.27020217649257844,0
Greedy,303,875,860,15,1.0,0.9828571428571429,831,0.2396314485845774,0.2396314485845774,0.2396315423437681,7.089908126336566e-06,6.11245715589348e-05,1.1405598291502637e-06,0.24428399518652227,29,0.04083520886570124,0.7450257114455012,0.23292785445452227,0.25667390385998934,0
Hand-written SA,101,894,878,16,0.9681093394077449,0.9507829977628636,847,0.028454123558613872,0.028454123558613872,0.028454227694807325,6.387982833581801e-06,6.564002089248788e-05,1.2148654364947388e-06,0.7981109799291618,31,0.7433329686969853,0.8857578472588611,0.05369472059652904,0.05872348988898234,0
Hand-written SA,202,903,883,20,0.9716874292185731,0.9501661129568106,859,0.026303364140940852,0.026303364140940852,0.026303462919785157,6.167376146125832e-06,8.726056470464982e-05,1.5188176001531017e-06,0.8020954598370198,24,0.8756112383810842,0.9462657314626585,0.04938760987340227,0.05130809989037288,0
Hand-written SA,303,875,860,15,0.9686046511627907,0.952,831,0.028295947401889142,0.028295947401889142,0.028296067437915635,7.089908126336566e-06,6.11245715589348e-05,1.1405598291502637e-06,0.7966305655836342,29,0.6919811338899737,0.8690509063608486,0.05067602927183618,0.056647102703921516,0
Local Search,101,894,878,16,1.0,0.9821029082774049,847,0.09130378959761258,0.09130378959761258,0.09130388512971753,6.387982833581801e-06,6.564002089248788e-05,1.2148654364947388e-06,0.6127508854781583,31,0.018151473833805724,0.7583201795258232,0.08872096295902715,0.1148545743396028,0
Local Search,202,903,883,20,1.0,0.9778516057585825,859,0.09724791583471015,0.09724791583471015,0.09724800719698135,6.167376146125832e-06,8.726056470464982e-05,1.5188176001531017e-06,0.6146682188591386,24,0.024869990905738066,0.7859398099735575,0.0952806789170484,0.11596669719317368,0
Local Search,303,875,860,15,1.0,0.9828571428571429,831,0.08429044641593751,0.08429044641593751,0.08429055902774435,7.089908126336566e-06,6.11245715589348e-05,1.1405598291502637e-06,0.6040914560770156,29,0.014374392167121977,0.730620006244791,0.08193281202847746,0.10608538922459824,0
Ours (Hero),101,894,878,16,0.9931662870159453,0.9753914988814317,847,0.028830620657087122,0.028830620657087122,0.028830723924493474,6.387982833581801e-06,6.564002089248788e-05,1.2148654364947388e-06,0.6103896103896104,31,0.2608236399901536,0.8080053625444258,0.037021718150623634,0.05634144578920635,0
Ours (Hero),202,903,883,20,1.0,0.9778516057585825,859,0.057880843077550696,0.057880843077550696,0.05788093926764475,6.167376146125832e-06,8.726056470464982e-05,1.5188176001531017e-06,0.3981373690337602,24,0.06984719964725801,0.7956212423632381,0.058206089462231304,0.07793277083536189,0
Ours (Hero),303,875,860,15,0.9906976744186047,0.9737142857142858,831,0.03330980854910801,0.03330980854910801,0.03330992815962774,7.089908126336566e-06,6.11245715589348e-05,1.1405598291502637e-06,0.5246690734055355,29,0.08946320741746502,0.7525082411358861,0.03520335339466888,0.05756196429487365,0
ShinkaEvolve,101,894,878,16,0.9179954441913439,0.901565995525727,847,0.16921562361828735,0.16921562361828735,0.16921571783961825,6.387982833581801e-06,6.564002089248788e-05,1.2148654364947388e-06,0.51357733175915,31,0.06541461383819382,0.7757933548007954,0.1655506676921109,0.19063246811956866,0
ShinkaEvolve,202,903,883,20,0.9456398640996603,0.9246954595791805,859,0.1262244058019315,0.1262244058019315,0.12622450008603026,6.167376146125832e-06,8.726056470464982e-05,1.5188176001531017e-06,0.5797438882421421,24,0.156630017117616,0.8289160458361269,0.12705083238355827,0.14532370404752779,0
ShinkaEvolve,303,875,860,15,0.9186046511627907,0.9028571428571428,831,0.15737370951511703,0.15737370951511703,0.15737381594031383,7.089908126336566e-06,6.11245715589348e-05,1.1405598291502637e-06,0.5655836341756919,29,0.09203335018407353,0.7511562419583953,0.1551703718167446,0.17739671170138863,0
